entidade;numero_processo;contrato;num_contrato_orgao;objeto;valor_global;cnpj;razao_social;data_de_celebracao;data_de_vigencia;situacao;local_da_execucao;modalidade_de_contratacao;subtipo_de_contrato;tipo_de_aquisicao;arquivo_origem;data_inicio;data_fim
SECRETARIA DE ESTADO DE DESENVOLVIMENTO ECONOMICO;;00158/2016;001/SEDEC;O objeto do presente instrumento refere-se a contratacao de empresa especializada na prestacao dos servicos de confeccao de carimbos no perimetro urbano da cidade de Cuiaba, para atender a Secretaria de Estado de Desenvolvimento Economico SEDEC, que deri;0.0;03750414000126;GRAFICA DO PRETO LTDA- ME;;08/01/2016 a 07/01/2017;ATIVO;;ADESAO;Servios Grficos;39 - OUTROS SERVICOS DE TERCEIROS - PESSOA JURIDICA;transparencia_excel_16.xls;2016-01-08;2017-01-07
SECRETARIA DE ESTADO DE DESENVOLVIMENTO ECONOMICO;712216;01099/2017;029/2014/SEDEC (2 Aditivo);Contratacao de empresa de engenharia para execucao de infraestrutura edificacao turistica - Obra de construcao do Centro de Eventos do Municipio de Tangara da Serra-MT.;7684781.67;01898295000128;GEOSOLO ENGENHARIA PLANEJAMENTO E CONSULTORIA LTDA.;2016-12-12;13/12/2016 a 12/12/2017;CELEBRADO;;CONCORRENCIA;Obras de Infra-Estrutura;51 - OBRAS E INSTALACOES;transparencia_excel_16.xls;2016-12-13;2017-12-12
SECRETARIA DE ESTADO DE DESENVOLVIMENTO ECONOMICO;;00089/2017;023/2016/SEDEC;Contratacao de pessoa juridica especializada NA PRESTACAO DE SERVICOS DE VIGILANCIA ARMADA.;190443.48;08282957000180;PANTANAL VIGILANCIA E SEGURANCA LTDA.;2016-12-22;22/12/2016 a 21/12/2017;CELEBRADO;;PREGAO PRESENCIAL;Vigilncia;39 - OUTROS SERVICOS DE TERCEIROS - PESSOA JURIDICA;transparencia_excel_16.xls;2016-12-22;2017-12-21
SECRETARIA DE ESTADO DE DESENVOLVIMENTO ECONOMICO;410376;00100/2017;021/2016/SEDEC;Contratacao de empresa especializada na prestacao de servico de manutencao preventiva e corretiva, sem fornecimento de pecas, no elevador da Secretaria de Estado de Desenvolvimento Economico.;4788.0;26775577000169;ELEVAMAT CONSERVADORA DE ELEVADORES LTDA EPP;2016-11-22;22/11/2016 a 21/11/2017;CELEBRADO;;DISPENSA DE LICITACAO;Manuteno de Mveis e Equip.;39 - OUTROS SERVICOS DE TERCEIROS - PESSOA JURIDICA;transparencia_excel_16.xls;2016-11-22;2017-11-21
SECRETARIA DE ESTADO DE DESENVOLVIMENTO ECONOMICO;;00869/2017;021/2015/SEDEC-1Termo Aditivo;Prestacao de servicos de entrega e coleta de pequenas cargas, documentos, correspondencias, pequenos objetos, sendo servicos nao realizados pela Empresa Brasileira de Correios e Telegrafos ECT, por meio de motocicletas equipadas com bau e condutor, deno;32400.0;08967189000106;ANDRE CABRAL DE AQUINO EIRELI ME;2016-11-25;26/11/2016 a 25/11/2017;CELEBRADO;;PREGAO PRESENCIAL;Fretes;39 - OUTROS SERVICOS DE TERCEIROS - PESSOA JURIDICA;transparencia_excel_16.xls;2016-11-26;2017-11-25
SECRETARIA DE ESTADO DE DESENVOLVIMENTO ECONOMICO;;00329/2017;019/2013/SEDEC-3Termo Aditivo;Prestacao de servico telefonico fixo comutado e servicos vinculados instalacao e assinatura, nas modalidades local, com discagem direta a ramal DDR, longa distancia nacional LDN e longa distancia internacional LDI e terminais nao residenciais, ser;74395.68;76535764000143;OI S/A;2016-10-28;28/10/2016 a 27/10/2017;CELEBRADO;;ADESAO;Comunicao Em Geral;39 - OUTROS SERVICOS DE TERCEIROS - PESSOA JURIDICA;transparencia_excel_16.xls;2016-10-28;2017-10-27
SECRETARIA DE ESTADO DE DESENVOLVIMENTO ECONOMICO;;00583/2017;025/2015 (1 Termo Aditivo);Contratacao de empresa especializada na prestacao de servicos de agenciamento junto as instituicoes de ensino, sediadas em Territorio Mato-grossense, de estudantes do ensino superior, para preenchimento de bolsas de estagio existentes na Secretaria de Est;101406.81;03986163000183;INSTITUTO EUVALDO LODI;2016-12-09;11/12/2016 a 10/12/2017;ATIVO;;PREGAO ELETRONICO;Terceirizaes;39 - OUTROS SERVICOS DE TERCEIROS - PESSOA JURIDICA;transparencia_excel_16.xls;2016-12-11;2017-12-10
SECRETARIA DE ESTADO DE DESENVOLVIMENTO ECONOMICO;;01082/2017;020/2016/SEDEC;Prestacao de servicos de confeccao e instalacao de placas e outros materiais de sinalizacao para atender a demanda da SEDEC.;9798.0;00113059000196;A. S. SANTOS & CIA LTDA EPP.;2016-11-08;08/11/2016 a 07/11/2017;CELEBRADO;;ADESAO;Instalao de Equipamentos Em Geral;39 - OUTROS SERVICOS DE TERCEIROS - PESSOA JURIDICA;transparencia_excel_16.xls;2016-11-08;2017-11-07
SECRETARIA DE ESTADO DE DESENVOLVIMENTO ECONOMICO;;01163/2017;024/2014/SEDEC (4 Aditivo);- CONTRATO no 024/2014/SEDEC: Contratacao de empresa especializada para confeccao e instalacao de placas de Sinalizacao Turistica Bilingue, em Portugues e Ingles alem de paineis em Braille, visando adequar e/ou complementar a Sinalizacao existente nas ro;3339823.88;21113837000117;CONSORCIO MT TUR;2016-12-07;10/12/2016 a 09/12/2017;CELEBRADO;;PREGAO ELETRONICO;Obras de Infra-Estrutura;51 - OBRAS E INSTALACOES;transparencia_excel_16.xls;2016-12-10;2017-12-09
SECRETARIA DE ESTADO DE DESENVOLVIMENTO ECONOMICO;;01063/2017;022/2016/SEDEC;"Prestacao de servicos continuados de gerenciamento e controle de fornecimento de combustiveis (Gasolina comum; Diesel comum e S10; e Etanol comum), em rede de postos credenciados, com implantacao e operacao de sistema informatizado e integrado, acessiv";119365.5;03506307000157;TICKET SOLUCOES HDFGT S.A;2017-12-21;16/12/2016 a 01/01/2019;CELEBRADO;;ADESAO;Terceirizaes;39 - OUTROS SERVICOS DE TERCEIROS - PESSOA JURIDICA;transparencia_excel_16.xls;2016-12-16;2019-01-01
SECRETARIA DE ESTADO DE DESENVOLVIMENTO ECONOMICO;379528;00087/2017;002/2017/SEDEC;O objeto do presente Contrato consiste na locacao de um Container Almoxarifado, fabricado em aco galvanizado, medindo 2m30 x 6m x 2h50 altura, contendo uma porta de acesso medindo 0,80 x 2m10, duas janelas de correr de 82cm x 84cm, instalacao eletrica (22;6000.0;02580316000478;ATIVA LOCACAO LTDA;2017-02-03;03/02/2017 a 02/02/2018;ATIVO;;DISPENSA DE LICITACAO;Locao de Mveis;Locacao de Bens;transparencia_excel_17.xls;2017-02-03;2018-02-02
SECRETARIA DE ESTADO DE DESENVOLVIMENTO ECONOMICO;33143;00086/2017;003/2017/SEDEC;O objeto do presente instrumento refere-se a contratacao de empresa especializada em fornecimento de agua mineral, natural, sem gas, acondicionada em garrafao de polipropileno, com capacidade para 20 (vinte) litros, em atendimento a demanda da Secretaria;13950.0;13332212000118;FINISSIMA DISTRIBUIDORA DE AGUA LTDA ME;2017-03-15;15/03/2017 a 15/03/2018;CELEBRADO;;PREGAO ELETRONICO;Fornecimento de Materiais de Consumo;52 - EQUIPAMENTOS E MATERIAL PERMANENTE;transparencia_excel_17.xls;2017-03-15;2018-03-15
SECRETARIA DE ESTADO DE DESENVOLVIMENTO ECONOMICO;;00088/2017;004/2017/SEDEC;"O presente contrato tem como objeto a locacao temporaria do Centro de Eventos do Pantanal para a realizacao da FIT - Feira Internacional do Turismo do Pantanal, a ser realizada em Cuiaba-MT, no periodo de 20 a 23 de abril de 2017 das 08h00 as 23h00; sendo";291182.0;03534450000152;SERVICO DE APOIO AS MICRO E PEQUENAS EMPRESAS DO ESTADO DE MATO GROSSO - SEBRAE/MT;2017-04-04;04/04/2017 a 18/05/2017;CELEBRADO;;INEXIGIBILIDADE;Locao de Imveis;Locacao de Bens;transparencia_excel_17.xls;2017-04-04;2017-05-18
SECRETARIA DE ESTADO DE DESENVOLVIMENTO ECONOMICO;;00117/2017;001/2017/SEDEC;O objeto do presente instrumento e a contratacao de servicos de telefonia movel e comunicacao de dados e internet com fornecimento de SIMCARD, aparelhos telefonicos e acessorios em regime de comodato, que serao prestados nas condicoes estabelecidas no Ter;104948.16;02558157000162;TELEFONICA BRASIL S.A.;2017-01-24;24/01/2017 a 24/01/2018;CELEBRADO;;PREGAO ELETRONICO;Telefonia Mvel;39 - OUTROS SERVICOS DE TERCEIROS - PESSOA JURIDICA;transparencia_excel_17.xls;2017-01-24;2018-01-24
SECRETARIA DE ESTADO DE DESENVOLVIMENTO ECONOMICO;;00158/2017;005/2017/SEDEC;Contratacao de pessoa juridica para realizacao de pesquisa e caracterizacao de argilas da regiao Centro Sul de Mato Grosso a serem realizados nos Municipios de Diamantino, Cuiaba, Dom Aquino, Rondonopolis e Alto Araguaia, visando subsidiar o segmento cera;413352.92;03819150000110;SERVICO NACIONAL DE APRENDIZAGEM INDUSTRIAL - SENAI;2017-05-19;19/05/2017 a 18/05/2018;CELEBRADO;;DISPENSA DE LICITACAO;Estudos e Projetos;39 - OUTROS SERVICOS DE TERCEIROS - PESSOA JURIDICA;transparencia_excel_17.xls;2017-05-19;2018-05-18
SECRETARIA DE ESTADO DE DESENVOLVIMENTO ECONOMICO;;01086/2017;027/2014/SEDEC (4 Aditivo);O presente termo aditivo tem a finalidade de aditar o valor do Contrato no 027/2014/SEDEC, em conformidade com o disposto no artigo 65, inc. I, alineas YaY e YbY combinado com o 1A da Lei 8.666/93, bem como na Clausula VI, Itens 6.1. e 6.3. do referido;1435418.29;24683120000107;A I FERNANDES SERVICOS DE ENGENHARIA EIRELI EPP;2017-05-04;05/05/2017 a 31/10/2017;CELEBRADO;;CONCORRENCIA;Obras de Infra-Estrutura;51 - OBRAS E INSTALACOES;transparencia_excel_17.xls;2017-05-05;2017-10-31
SECRETARIA DE ESTADO DE DESENVOLVIMENTO ECONOMICO;;00226/2017;006/2017/SEDEC;Contratacao de empresa especializada na prestacao de servicos de administracao, gerenciamento e controle da manutencao preventiva e corretiva de veiculos, incluindo fornecimento de pecas, acessorios e transporte por guincho - com implantacao e operacao de;127309.0;05340639000130;PRIME CONSULTORIA E ASSESSORIA EMPRESARIAL LTDA EPP;2017-05-24;24/05/2017 a 24/05/2018;CELEBRADO;;PREGAO ELETRONICO;Manuteno de Veculos;39 - OUTROS SERVICOS DE TERCEIROS - PESSOA JURIDICA;transparencia_excel_17.xls;2017-05-24;2018-05-24
SECRETARIA DE ESTADO DE DESENVOLVIMENTO ECONOMICO;;00184/2017;009/2017/SEDEC;Contratacao de empresa especializada em servicos de publicacao de materias em jornais de circulacao diaria nacional.;1866.56;18876112000176;GIBBOR PUBLICIDADE E PUBLICACOES DE EDITAIS LTDA EPP;2017-07-06;06/07/2017 a 05/07/2018;CELEBRADO;;PREGAO ELETRONICO;Comunicao Em Geral;39 - OUTROS SERVICOS DE TERCEIROS - PESSOA JURIDICA;transparencia_excel_17.xls;2017-07-06;2018-07-05
SECRETARIA DE ESTADO DE DESENVOLVIMENTO ECONOMICO;;00190/2017;010/2017/SEDEC;Contratacao de empresa especializada em servicos de publicacao de materias em jornais de circulacao diaria estadual (MT).;5286.4;01527405000145;W&M PUBLICIDADE LTDA-EPP;2017-07-06;06/07/2017 a 05/07/2018;CELEBRADO;;PREGAO ELETRONICO;Comunicao Em Geral;39 - OUTROS SERVICOS DE TERCEIROS - PESSOA JURIDICA;transparencia_excel_17.xls;2017-07-06;2018-07-05
SECRETARIA DE ESTADO DE DESENVOLVIMENTO ECONOMICO;1662532;00550/2017;002/2016/SEDEC (1 ADITIVO);Contratacao de empresa especializada em prestacao de servicos de copeira, devidamente uniformizada, incluidos os encargos sociais, trabalhistas, tributos e demais componentes previstos na legislacao, sendo 40 (quarenta) horas semanais Posto Mensal.;92991.6;12029446000128;LAVORO COMERCIO PRESTACAO DE SERVICOS EM MAO DE OBRA LTDA;2017-01-25;27/01/2017 a 26/01/2018;CELEBRADO;;PREGAO PRESENCIAL;Terceirizaes;39 - OUTROS SERVICOS DE TERCEIROS - PESSOA JURIDICA;transparencia_excel_17.xls;2017-01-27;2018-01-26
SECRETARIA DE ESTADO DE DESENVOLVIMENTO ECONOMICO;;00255/2017;008/2016/SEDEC (1 ADITIVO);Prestacao de servicos de copia, impressao e digitalizacao com a funcionalidade departamental, e solucao de gestao de impressao atraves de software, com estabelecimento de pagamento mensal, com fornecimento, instalacao e configuracao de impressoras multifu;121200.0;05522682000116;GLOBALTASK TECNOLOGIA E GESTAO S/A;2017-05-11;12/05/2017 a 11/05/2018;CELEBRADO;;PREGAO ELETRONICO;Servios de Cpias e Impresses;39 - OUTROS SERVICOS DE TERCEIROS - PESSOA JURIDICA;transparencia_excel_17.xls;2017-05-12;2018-05-11
SECRETARIA DE ESTADO DE DESENVOLVIMENTO ECONOMICO;;01000/2017;020/2015/SEDEC (2 ADITIVO);Prestacao de Servicos de Agenciamento e Fornecimento de passagens aereas nacionais e internacionais por meio de ferramenta on-line de auto agendamento (self-booking), para atender aos servidores e agentes publicos da Secretaria de Estado de Desenvolviment;500000.0;36932853000109;ARARAUNA TURISMO ECOLOGICO LTDA - EPP;2017-10-17;29/10/2017 a 28/10/2018;CELEBRADO;;PREGAO ELETRONICO;Passagens Areas;39 - OUTROS SERVICOS DE TERCEIROS - PESSOA JURIDICA;transparencia_excel_17.xls;2017-10-29;2018-10-28
SECRETARIA DE ESTADO DE DESENVOLVIMENTO ECONOMICO;375267;00321/2017;017/2014/SEDEC-3TERMO ADITIVO;Locacao do imovel situado na Rua Voluntarios da Patria, no 118, esquina com a Rua Ricardo Franco Centro de Cuiaba-MT.;131400.0;00015167828104;Ricardo Jose Simoes de Arruda;2017-08-11;14/08/2017 a 13/08/2018;CELEBRADO;;DISPENSA DE LICITACAO;Locao de Imveis;Locacao de Bens;transparencia_excel_17.xls;2017-08-14;2018-08-13
SECRETARIA DE ESTADO DE DESENVOLVIMENTO ECONOMICO;;00787/2017;008/2015/SEDEC/3TERMO ADITIVO;Contratacao de pessoa juridica na prestacao de servico continuado de porteiro compreendendo total de area interna e externa (com fornecimento de materiais, equipamentos e mao de obra) nas dependencias da SECRETARIA DE ESTADO DE DESENVOLVIMENTO ECONOMICO,;301767.72;05517625000149;ECOLOGICA SERVICOS TECNICOS LTDA;2017-07-28;01/08/2017 a 31/07/2018;CELEBRADO;;PREGAO ELETRONICO;Terceirizaes;39 - OUTROS SERVICOS DE TERCEIROS - PESSOA JURIDICA;transparencia_excel_17.xls;2017-08-01;2018-07-31
SECRETARIA DE ESTADO DE DESENVOLVIMENTO ECONOMICO;;01238/2017;013/2017/SEDEC;Contratacao de empresa especializada em fornecimento de gas de cozinha, em atendimento a demanda da Secretaria de Estado de Desenvolvimento Economico, que deriva da adesao a Ata de Registro de Precos no 038/2016/SEGES, decorrente do Pregao Eletronico no 0;2623.95;03401442000138;GASOLINI COMERCIO E SERVICOS - EIRELI;2017-10-19;19/10/2017 a 18/10/2018;CELEBRADO;;PREGAO ELETRONICO;Fornecimento de Materiais de Consumo;52 - EQUIPAMENTOS E MATERIAL PERMANENTE;transparencia_excel_17.xls;2017-10-19;2018-10-18
SECRETARIA DE ESTADO DE DESENVOLVIMENTO ECONOMICO;;01250/2017;014/2017/SEDEC;Contratacao de empresa especializada na prestacao de servicos de entrega e coleta de pequenas cargas, documentos, correspondencias, pequenos objetos, sendo servicos nao realizados pela Empresa Brasileira de Correios e Telegrafos ECT, por meio de motocic;39360.0;08967189000106;ANDRE CABRAL DE AQUINO EIRELI ME;2017-10-24;24/10/2017 a 23/10/2018;CELEBRADO;;PREGAO ELETRONICO;Encomendas e Corresp.;39 - OUTROS SERVICOS DE TERCEIROS - PESSOA JURIDICA;transparencia_excel_17.xls;2017-10-24;2018-10-23
SECRETARIA DE ESTADO DE DESENVOLVIMENTO ECONOMICO;8256;00398/2017;9912318793-2013 (4 Termo Ad.);Prestacao, pela ECT, de servicos e venda de produtos, que atendam as necessidades da CONTRATANTE, mediante adesao ao(s) ANEXO(s) deste instrumento contratual que, individualmente, caracteriza(m) cada modalidade envolvida.;15000.0;34028316001690;ECT- Empresa Publica, Constituida nos Termos do Decreto-Lei no 509, de 20 de Marco de 1969.;2017-02-24;02/03/2017 a 01/03/2018;CELEBRADO;;INEXIGIBILIDADE;Encomendas e Corresp.;39 - OUTROS SERVICOS DE TERCEIROS - PESSOA JURIDICA;transparencia_excel_17.xls;2017-03-02;2018-03-01
SECRETARIA DE ESTADO DE DESENVOLVIMENTO ECONOMICO;;00421/2017;007/2017;Contratacao de empresa especializada na prestacao de servicos de Lava Jato, a ser utilizado nos veiculos oficiais que compoem a frota da Secretaria de Estado de Desenvolvimento Economico SEDEC, que deriva da adesao a Ata de Registro de Precos nA 016/201;5080.0;11283031000113;Eduardo Ramos Barbosa - ME;2017-07-04;04/07/2017 a 03/07/2018;CELEBRADO;;PREGAO ELETRONICO;Terceirizaes;39 - OUTROS SERVICOS DE TERCEIROS - PESSOA JURIDICA;transparencia_excel_17.xls;2017-07-04;2018-07-03
SECRETARIA DE ESTADO DE DESENVOLVIMENTO ECONOMICO;256274;00968/2017;004/2015/SEDEC;O presente CONTRATO versa sobre a locacao de imovel nao residencial, localizado na Rua Brigadeiro Eduardo Gomes, nA 86, Bairro: Goiabeiras, Cuiaba-MT, com medida 85,5 m2, es-paco livre, com laje, piso ceramico, cerca eletrica, concertina, instalacao eletr;39316.92;18460001000184;G.DI GRECCO DA COSTA MARQUES & CIA LTDA-ME;2017-06-26;01/07/2017 a 30/06/2018;CELEBRADO;;DISPENSA DE LICITACAO;Locao de Imveis;Locacao de Bens;transparencia_excel_17.xls;2017-07-01;2018-06-30
SECRETARIA DE ESTADO DE DESENVOLVIMENTO ECONOMICO;;01067/2017;008/2017/SEDEC (1 ADITIVO);Prestacao de servicos especializados em auditoria independente contabil e tributaria para proceder exame completo e formalizar opiniao a respeito das materias a seguir elencadas, alem de orientacoes necessarias ao adequado desempenho e registro das operac;13940.0;23843609000128;AUDPLAN Y AUDITORIA E PLANEJAMENTO CONTABIL E TRIBUTARIO S/S EPP;2017-10-04;06/10/2017 a 03/01/2018;CELEBRADO;;CONVITE;Servios Tcnicos Profissionais;39 - OUTROS SERVICOS DE TERCEIROS - PESSOA JURIDICA;transparencia_excel_17.xls;2017-10-06;2018-01-03
SECRETARIA DE ESTADO DE DESENVOLVIMENTO ECONOMICO;;01098/2017;017/2015/SEDEC;Contratacao de empresa prestadora de servicos de Vigilancia Armada, com 01 (um) Posto de 24 (vinte e quarto) horas ininterruptas, com 04 (quatro) colaboradores, cada um com carga horaria de 12 (doze) horas diarias, realizando uma jornada de trabalho de 12;234792.0;08282957000180;PANTANAL VIGILANCIA E SEGURANCA LTDA.;2017-10-18;21/10/2017 a 20/10/2018;CELEBRADO;;PREGAO PRESENCIAL;Vigilncia;39 - OUTROS SERVICOS DE TERCEIROS - PESSOA JURIDICA;transparencia_excel_17.xls;2017-10-21;2018-10-20
SECRETARIA DE ESTADO DE DESENVOLVIMENTO ECONOMICO;;01100/2017;013/2014/SEDEC (4 ADITIVO);- Instrumento Contratual no 013/2014/SEDEC: Construcao do Centro de Eventos/Convencoes do Municipio de Barra do Garcas-MT. - QUARTO TERMO ADITIVO AO CONTRATO NR. 013/2014/SEDEC: O Presente Termo Aditivo tem por objeto prorrogar por 210 (duzentos e dez);1571069.03;01898295000128;GEOSOLO ENGENHARIA PLANEJAMENTO E CONSULTORIA LTDA.;2017-08-11;11/08/2017 a 11/01/2018;CELEBRADO;;CONCORRENCIA;Obras de Infra-Estrutura;51 - OBRAS E INSTALACOES;transparencia_excel_17.xls;2017-08-11;2018-01-11
SECRETARIA DE ESTADO DE DESENVOLVIMENTO ECONOMICO;350901;01101/2017;040/2013/SEDEC (10 ADITIVO);- CONTRATO NR 040/2013/SEDEC: Contratacao de empresa de arquitetura/engenharia para elaboracao dos projetos basicos e executivos de Revitalizacao da Orla de Caceres/MT. - 10o TERMO ADITIVO AO CONTRATO NR. 040/2013/SEDEC: 1.1 O Presente Termo Aditivo tem;320000.0;10948747000120;ABRANGENTE ENGENHARIA LTDA;2017-04-04;04/04/2017 a 30/11/2017;CELEBRADO;;PREGAO ELETRONICO;Estudos e Projetos;39 - OUTROS SERVICOS DE TERCEIROS - PESSOA JURIDICA;transparencia_excel_17.xls;2017-04-04;2017-11-30
SECRETARIA DE ESTADO DE DESENVOLVIMENTO ECONOMICO;;00888/2017;014/2016/SEDEC(1 ADITIVO);O objeto do presente instrumento refere-se a contratacao de pessoa juridica especializada na prestacao de Servicos de Locacao de Veiculos, categorias diversas (sem motorista e sem combustivel), com quilometragem livre, para atividades Administrativas, dur;105503.76;11644975000179;VINICIUS BELOTO ME;2017-07-25;28/07/2017 a 27/07/2018;CELEBRADO;;PREGAO ELETRONICO;Locao de Veculos;Locacao de Bens;transparencia_excel_17.xls;2017-07-28;2018-07-27
SECRETARIA DE ESTADO DE DESENVOLVIMENTO ECONOMICO;;00951/2017;007/2015/SEDEC/2TERMO ADITIVO;Prestacao de servico continuado de conservacao, limpeza e asseio, e servico de paisagismo com jardinagem, compreendendo total de area interna e externa (com fornecimento de materiais, equipamentos e mao de obra) nas dependencias da SECRETARIA DE ESTADO DE;268499.84;15952971000109;CORECO TERCEIRIZACAO E SERVICOS EIRELI;2017-07-28;01/08/2017 a 31/07/2018;CELEBRADO;;PREGAO PRESENCIAL;Limpeza;39 - OUTROS SERVICOS DE TERCEIROS - PESSOA JURIDICA;transparencia_excel_17.xls;2017-08-01;2018-07-31
SECRETARIA DE ESTADO DE DESENVOLVIMENTO ECONOMICO;;00028/2018;018/2017/SEDEC;Contratacao de empresa especializada na prestacao de servico de manutencao preventiva e corretiva do sistema de telefonia fixa da SEDEC e unidades, central telefonica PABX.;5004.0;26775577000169;ELEVAMAT CONSERVADORA DE ELEVADORES LTDA EPP;2017-12-06;06/12/2017 a 05/12/2018;CELEBRADO;;DISPENSA DE LICITACAO;Terceirizaes;39 - OUTROS SERVICOS DE TERCEIROS - PESSOA JURIDICA;transparencia_excel_17.xls;2017-12-06;2018-12-05
SECRETARIA DE ESTADO DE DESENVOLVIMENTO ECONOMICO;;01668/2017;016/2017/SEDEC;Contratacao de empresa especializada em servicos de Engenharia/Arquitetura para execucao de obra de reforma da cobertura (telhado) do predio da Secretaria de Estado de Desenvolvimento Economico.;108665.21;26238103000188;B N PASQUALOTTO ENGENHARIA - MT;2017-12-01;01/12/2017 a 30/11/2018;CELEBRADO;;TOMADA DE PRECOS;Reforma de Imveis;51 - OBRAS E INSTALACOES;transparencia_excel_17.xls;2017-12-01;2018-11-30
SECRETARIA DE ESTADO DE DESENVOLVIMENTO ECONOMICO;;00377/2018;025/2015 (2 Termo Aditivo);1.1. O presente Termo Aditivo tem por objeto a prorrogacao do prazo de vigencia do contrato no 025/2015/SEDEC por mais 12 (doze) meses, com fulcro no inciso II, do artigo 57, da Lei n.o 8.666 de 21/06/1993, a partir de 11/12/2017. 1.2. Tem por objeto ain;101082.0;03986163000183;INSTITUTO EUVALDO LODI;2017-12-04;11/12/2017 a 10/12/2018;CELEBRADO;;PREGAO ELETRONICO;Estagirios;39 - OUTROS SERVICOS DE TERCEIROS - PESSOA JURIDICA;transparencia_excel_17.xls;2017-12-11;2018-12-10
SECRETARIA DE ESTADO DE DESENVOLVIMENTO ECONOMICO;;00384/2018;029/2014 (3Termo Aditivo);1.1. O Presente Termo Aditivo tem por objeto prorrogar por 365 (trezentos e sessenta e cinco) dias o prazo de vigencia e por 270 (duzentos e setenta) dias o prazo de execucao do Contrato no. 029/2014/SEDEC, conforme disposto no art. 57, 1A, incisos III,;7684781.67;01898295000128;GEOSOLO ENGENHARIA PLANEJAMENTO E CONSULTORIA LTDA.;2017-12-11;13/12/2017 a 12/12/2018;CELEBRADO;;CONCORRENCIA;Obras de Infra-Estrutura;51 - OBRAS E INSTALACOES;transparencia_excel_17.xls;2017-12-13;2018-12-12
SECRETARIA DE ESTADO DE DESENVOLVIMENTO ECONOMICO;;00013/2018;015/2017/SEDEC;Contratacao de empresa especializada na prestacao de servico de manutencao preventiva e corretiva do sistema de telefonia fixa da SEDEC e unidades, central telefonica PABX.;16800.0;15013469000132;RONDON TELECOMUNICACOES LTDA.;2017-12-01;01/12/2017 a 30/11/2018;CELEBRADO;;DISPENSA DE LICITACAO;Terceirizaes;39 - OUTROS SERVICOS DE TERCEIROS - PESSOA JURIDICA;transparencia_excel_17.xls;2017-12-01;2018-11-30
SECRETARIA DE ESTADO DE DESENVOLVIMENTO ECONOMICO;605253;01273/2018;019/2017/SEDEC;Contratacao de pessoa juridica especializada para prestar servico de Consultoria, Assessoria Economica e Tributaria para elaboracao de politicas e programas de desenvolvimento e de atracao de investimentos para o Estado de Mato Grosso a serem implementada;348000.0;22988136000194;R. SALDANHA PEREIRA - EPP;2017-12-21;21/12/2017 a 20/12/2018;CELEBRADO;;INEXIGIBILIDADE;Estudos e Projetos;39 - OUTROS SERVICOS DE TERCEIROS - PESSOA JURIDICA;transparencia_excel_17.xls;2017-12-21;2018-12-20
SECRETARIA DE ESTADO DE DESENVOLVIMENTO ECONOMICO;442484;01134/2018;019/2013/SEDEC (4 ADITIVO);Contratacao de empresa especializada em prestacao de servico telefonico fixo comutado e servicos vinculados.;76079.25;76535764000143;OI S/A;2017-10-27;29/10/2017 a 28/10/2018;CELEBRADO;;ADESAO;Telefonia Fixa;39 - OUTROS SERVICOS DE TERCEIROS - PESSOA JURIDICA;transparencia_excel_17.xls;2017-10-29;2018-10-28
SECRETARIA DE ESTADO DE DESENVOLVIMENTO ECONOMICO;186486;00703/2018;027/2014 (5 Termo Aditivo);Contratacao de empresa de engenharia para Execucao de Infraestrutura Viaria Turistica Obra de Pavimentacao Asfaltica e Drenagem de Aguas Pluviais em Ruas e Avenidas do Municipio de Nobres/MT. 1. CLAUSULA PRIMEIRA - DO OBJETO: 1.1. O Presente Termo A;1435418.29;24683120000107;A I FERNANDES SERVICOS DE ENGENHARIA EIRELI EPP;2017-10-30;01/11/2017 a 29/04/2018;CELEBRADO;;CONCORRENCIA;Obras de Infra-Estrutura;51 - OBRAS E INSTALACOES;transparencia_excel_17.xls;2017-11-01;2018-04-29
SECRETARIA DE ESTADO DE DESENVOLVIMENTO ECONOMICO;;00365/2018;017/2017/SEDEC;O objeto do presente instrumento e a contratacao de empresa especializada em consultoria para a elaboracao do Plano de Marketing Turistico do polo Pantanal, envolvendo os seguintes municipios: Barao de Melgaco, Caceres, Pocone, Santo Antonio de Leverger e;415000.0;73477176000102;PIRES E ASSOCIADOS ASSESSORIA LTDA EPP;2019-06-05;06/12/2017 a 06/12/2019;CELEBRADO;;TOMADA DE PRECOS;Estudos e Projetos;39 - OUTROS SERVICOS DE TERCEIROS - PESSOA JURIDICA;transparencia_excel_17.xls;2017-12-06;2019-12-06
SECRETARIA DE ESTADO DE DESENVOLVIMENTO ECONOMICO;;01129/2017;012/2017/SEDEC;Contratacao de pessoa juridica especializada na prestacao de Servicos de Locacao de Veiculos, categoria economica (sem motorista e sem combustivel), com quilometragem livre, para atividades Administrativas, durante 12 (doze) meses consecutivos, selecionad;79200.0;73530396000152;INTERLAGOS LOCADORA DE VEICULOS LTDA - ME;2017-10-05;05/10/2017 a 04/10/2021;CELEBRADO;;PREGAO PRESENCIAL;Locao de Veculos;Locacao de Bens;transparencia_excel_17.xls;2017-10-05;2021-10-04
SECRETARIA DE ESTADO DE DESENVOLVIMENTO ECONOMICO;341205;00122/2019;011/2017/SEDEC;Locacao de imovel nao residencial, localizado na Rua Brigadeiro Eduardo Gomes, nA 86, Bairro: Goiabeiras, Cuiaba-MT, com medida de 172,00 m2, espaco livre, com laje, piso ceramico, cerca eletrica, concertina, instalacao eletrica e hidraulica, forro de ges;39316.92;18460001000184;G.DI GRECCO DA COSTA MARQUES & CIA LTDA-ME;2017-10-06;06/10/2017 a 05/10/2022;CELEBRADO;;DISPENSA DE LICITACAO;Locao de Imveis;Locacao de Bens;transparencia_excel_17.xls;2017-10-06;2022-10-05
SECRETARIA DE ESTADO DE DESENVOLVIMENTO ECONOMICO;;00416/2018;003/2018/SEDEC;Contratacao de empresa especializada em fornecimento de agua mineral, natural, sem gas, acondicionada em garrafao de polipropileno, com capacidade para 20 (vinte) litros, em atendimento a demanda da Secretaria de Estado de Desenvolvimento Economico.;8000.0;13332212000118;FINISSAYMA DISTRIBUIDORA DE AGUA LTDA ME;2018-03-23;23/03/2018 a 22/03/2019;CELEBRADO;;PREGAO ELETRONICO;Fornecimento de Materiais de Consumo;52 - EQUIPAMENTOS E MATERIAL PERMANENTE;transparencia_excel_18.xls;2018-03-23;2019-03-22
SECRETARIA DE ESTADO DE DESENVOLVIMENTO ECONOMICO;;00439/2018;001/2017 (1 Termo Aditivo);CONTRATO NR 001/2017/SEDEC: 1. CLAUSULA PRIMEIRA - OBJETO: 1.1.	O objeto do presente instrumento e a contratacao de servicos de telefonia movel e comunicacao de dados e internet com fornecimento de SIMCARD, aparelhos telefonicos e acessorios em regime de;104948.16;02558157000162;TELEFONICA BRASIL S.A.;2017-12-21;24/01/2018 a 23/01/2019;CELEBRADO;;ADESAO;Telefonia Mvel;39 - OUTROS SERVICOS DE TERCEIROS - PESSOA JURIDICA;transparencia_excel_18.xls;2018-01-24;2019-01-23
SECRETARIA DE ESTADO DE DESENVOLVIMENTO ECONOMICO;;00322/2018;016/2017/SEDEC (1Termo Adit.);O objeto do presente instrumento refere-se a contratacao de empresa especializada em servicos de Engenharia/Arquitetura para execucao de obra de reforma da cobertura (telhado) do predio da Secretaria de Estado de Desenvolvimento Economico, vindo derivar d;53602.89;26238103000188;B N PASQUALOTTO ENGENHARIA - MT;2018-02-28;28/02/2018 a 29/05/2018;CELEBRADO;;TOMADA DE PRECOS;Reforma de Imveis;51 - OBRAS E INSTALACOES;transparencia_excel_18.xls;2018-02-28;2018-05-29
SECRETARIA DE ESTADO DE DESENVOLVIMENTO ECONOMICO;;00351/2018;013/2014 (5 Termo Aditivo);O Presente Termo Aditivo tem por objeto prorrogar por 210 (duzentos e dez) dias o prazo de execucao e 365 (trezentos e sessenta e cinco) dias o prazo de vigencia do contrato no 013/2014/SEDEC, conforme disposto no art. 57, 1A, da Lei 8.666/93 e suas pos;1571069.03;01898295000128;GEOSOLO ENGENHARIA PLANEJAMENTO E CONSULTORIA LTDA.;2018-01-10;11/01/2018 a 10/01/2019;CELEBRADO;;CONCORRENCIA;Obras de Infra-Estrutura;51 - OBRAS E INSTALACOES;transparencia_excel_18.xls;2018-01-11;2019-01-10
SECRETARIA DE ESTADO DE DESENVOLVIMENTO ECONOMICO;215762;00865/2018;007/2015 (3 TERMO ADITIVO);1.1.	O presente Termo Aditivo tem por objeto a prorrogacao do prazo de vigencia do contrato no 007/2015/SEDEC por mais 60 (sessenta) dias, com fulcro no inciso II, do artigo 57, da Lei n.o 8.666 de 21/06/1993, a partir de 01/08/2018.;41690.34;15952971000109;CORECO TERCEIRIZACAO E SERVICOS EIRELI;2018-07-30;01/08/2018 a 29/09/2018;CELEBRADO;;PREGAO PRESENCIAL;Terceirizaes;39 - OUTROS SERVICOS DE TERCEIROS - PESSOA JURIDICA;transparencia_excel_18.xls;2018-08-01;2018-09-29
SECRETARIA DE ESTADO DE DESENVOLVIMENTO ECONOMICO;157037;00904/2018;008/2015/SEDEC (4 ADITIVO);1.1.	O presente Termo Aditivo tem por objeto a prorrogacao do prazo de vigencia do contrato no 008/2015/SEDEC por mais 12 (doze) meses, com fulcro no inciso II, do artigo 57, da Lei n.o 8.666 de 21/06/1993, a partir de 01/08/2018. 1.2. Tem por objeto ai;312876.48;05517625000149;ECOLOGICA SERVICOS TECNICOS LTDA;2018-07-31;01/08/2018 a 31/07/2019;CELEBRADO;;PREGAO ELETRONICO;Terceirizaes;39 - OUTROS SERVICOS DE TERCEIROS - PESSOA JURIDICA;transparencia_excel_18.xls;2018-08-01;2019-07-31
SECRETARIA DE ESTADO DE DESENVOLVIMENTO ECONOMICO;471205;01376/2018;019/2018/SEDEC;Contratacao de empresa especializada na prestacao de servico de manutencao preventiva e corretiva do sistema de telefonia fixa da SEDEC e unidades, central telefonica PABX.;18000.0;15013469000132;RONDON TELECOMUNICACOES LTDA.;2018-12-06;06/12/2018 a 05/12/2019;CELEBRADO;;DISPENSA DE LICITACAO;Telefonia Fixa;39 - OUTROS SERVICOS DE TERCEIROS - PESSOA JURIDICA;transparencia_excel_18.xls;2018-12-06;2019-12-05
SECRETARIA DE ESTADO DE DESENVOLVIMENTO ECONOMICO;;01338/2018;015/2018/SEDEC;Contratacao de empresa especializada na prestacao de servicos de Reforma e Manutencao de Cadeiras e Longarinas, em atendimento a demanda da Secretaria de Estado de Desenvolvimento Economico, que deriva da adesao a Ata de Registro de Precos no 006/2018/SEG;16808.5;08914393000150;JAIME TRENTIN & CIA LTDA ME;2018-11-12;12/11/2018 a 11/11/2019;CELEBRADO;;PREGAO ELETRONICO;Manuteno de Mveis e Equip.;39 - OUTROS SERVICOS DE TERCEIROS - PESSOA JURIDICA;transparencia_excel_18.xls;2018-11-12;2019-11-11
SECRETARIA DE ESTADO DE DESENVOLVIMENTO ECONOMICO;501797;00970/2018;007/2018/SEDEC;Contratacao de entidade especializada na Elaboracao de Estudos e Analise da Matriz Energetica Consolidada do Estado de Mato Grosso e Mesorregioes 2036 e do YBalanco Energetico do Estado de Mato Grosso e Mesorregioes 2018 Ano Base 2017Y.;287144.85;33004540000100;FUNDACAO UNIVERSIDADE FEDERAL DE MATO GROSSO - UFMT;2018-08-16;16/08/2018 a 15/08/2019;CELEBRADO;;DISPENSA DE LICITACAO;Estudos e Projetos;39 - OUTROS SERVICOS DE TERCEIROS - PESSOA JURIDICA;transparencia_excel_18.xls;2018-08-16;2019-08-15
SECRETARIA DE ESTADO DE DESENVOLVIMENTO ECONOMICO;186486;00716/2018;027/2014 (6 Termo Aditivo);Prorrogar o prazo de execucao por 210 (duzentos e dez) dias, e o prazo de vigencia por 180 (cento e oitenta) dias, do Contrato NR. 027/2014/SEDEC, conforme disposto no art. 57, 1A, inciso VI da Lei 8.666/93 e suas posteriores alteracoes.;1435418.29;24683120000107;A I FERNANDES SERVICOS DE ENGENHARIA EIRELI EPP;2018-04-27;30/04/2018 a 26/10/2018;CELEBRADO;;CONCORRENCIA;Obras de Infra-Estrutura;51 - OBRAS E INSTALACOES;transparencia_excel_18.xls;2018-04-30;2018-10-26
SECRETARIA DE ESTADO DE DESENVOLVIMENTO ECONOMICO;386869;00524/2018;005/2017 (1 Termo Aditivo);1.1.	O presente Termo Aditivo tem por objeto a prorrogacao do prazo de vigencia do con-trato no 002/2016/SEDEC por mais 12 (doze) meses, com fulcro no inciso II, do artigo 57, da Lei n.o 8.666 de 21/06/1993, a partir de 27/01/2017.;413352.92;03819150000110;SERVICO NACIONAL DE APRENDIZAGEM INDUSTRIAL - SENAI;2018-05-18;19/05/2018 a 16/08/2018;CELEBRADO;;DISPENSA DE LICITACAO;Estudos e Projetos;39 - OUTROS SERVICOS DE TERCEIROS - PESSOA JURIDICA;transparencia_excel_18.xls;2018-05-19;2018-08-16
SECRETARIA DE ESTADO DE DESENVOLVIMENTO ECONOMICO;448978;01149/2018;012/2017 (1 Termo Aditivo);1.1.	O presente Termo Aditivo tem por objeto a prorrogacao do prazo de vigencia do contrato no 012/2017/SEDEC por mais 12 (doze) meses, com fulcro no inciso II, do artigo 57, da Lei n.o 8.666 de 21/06/1993, a partir de 05/10/2018.;79200.0;73530396000152;INTERLAGOS LOCADORA DE VEICULOS LTDA - ME;2018-10-04;05/10/2018 a 04/10/2019;CELEBRADO;;PREGAO PRESENCIAL;Locao de Veculos;Locacao de Bens;transparencia_excel_18.xls;2018-10-05;2019-10-04
SECRETARIA DE ESTADO DE DESENVOLVIMENTO ECONOMICO;226061;01180/2018;006/2017 (1 TERMO ADITIVO);Contratacao de empresa especializada na prestacao de servicos de administracao, gerenciamento e controle da manutencao preventiva e corretiva de veiculos, incluindo fornecimento de pecas, acessorios e transporte por guincho - com implantacao e operacao de;127309.0;05340639000130;PRIME CONSULTORIA E ASSESSORIA EMPRESARIAL LTDA;2018-05-24;25/05/2018 a 24/05/2019;CELEBRADO;;PREGAO ELETRONICO;Manuteno de Veculos;39 - OUTROS SERVICOS DE TERCEIROS - PESSOA JURIDICA;transparencia_excel_18.xls;2018-05-25;2019-05-24
SECRETARIA DE ESTADO DE DESENVOLVIMENTO ECONOMICO;655204;01186/2018;022/2016/SEDEC (1 ADITIVO);1.1.	O presente Termo Aditivo tem por objeto a prorrogacao do prazo de vigencia do contrato no 022/2016/SEDEC por mais 12 (doze) meses, com fulcro no inciso II, do artigo 57, da Lei n.o 8.666, de 21/06/1993, a partir de 02/01/2018. 1.2. Tem por objeto ta;119365.5;03506307000157;TICKET SOLUCOES HDFGT S.A;2017-12-21;02/01/2018 a 01/01/2019;CELEBRADO;;PREGAO ELETRONICO;Terceirizaes;39 - OUTROS SERVICOS DE TERCEIROS - PESSOA JURIDICA;transparencia_excel_18.xls;2018-01-02;2019-01-01
SECRETARIA DE ESTADO DE DESENVOLVIMENTO ECONOMICO;182620;01014/2018;009/2018/SEDEC;O objeto do presente instrumento refere-se a contratacao de empresa especializada na prestacao de servicos de Lava Jato, a ser utilizado nos veiculos oficiais que compoem a frota da Secretaria de Estado de Desenvolvimento Economico SEDEC.;8984.1;21611174000160;LAVA JATO DAS NACOES LTDA ME;2018-08-20;20/08/2018 a 19/08/2019;CELEBRADO;;DISPENSA DE LICITACAO;Limpeza;39 - OUTROS SERVICOS DE TERCEIROS - PESSOA JURIDICA;transparencia_excel_18.xls;2018-08-20;2019-08-19
SECRETARIA DE ESTADO DE DESENVOLVIMENTO ECONOMICO;;00690/2018;006/2018/SEDEC;Contratacao de empresa especializada na prestacao dos servicos de chaveiro e confeccao de chaves, para atender a demanda da Secretaria de Estado de Desenvolvimento Economico, que deriva da adesao a Ata de Registro de Precos no 028/2017/SEGES, decorrente d;13614.7;24721508000147;DOMINGOS SAVIO QUEIROZ PORTO-ME;2018-06-21;21/06/2018 a 20/06/2019;CELEBRADO;;PREGAO ELETRONICO;Servios de Apoio Administrativo, Tcnico e Operacional;39 - OUTROS SERVICOS DE TERCEIROS - PESSOA JURIDICA;transparencia_excel_18.xls;2018-06-21;2019-06-20
SECRETARIA DE ESTADO DE DESENVOLVIMENTO ECONOMICO;26625;01135/2018;010/2018/SEDEC;Contratacao de empresa especializada no ramo de eventos especificos para locacao do espaco, montagem e desmontagem, mobiliarios em geral e comunicacao visual de Estande Institucional contendo 36m2 de area, para participacao do Governo do Estado de Mato Gr;82800.0;04433214000102;DAINA LIMA DE ALMEIDA;2018-09-04;04/09/2018 a 02/12/2018;CELEBRADO;;PREGAO ELETRONICO;Eventos;39 - OUTROS SERVICOS DE TERCEIROS - PESSOA JURIDICA;transparencia_excel_18.xls;2018-09-04;2018-12-02
SECRETARIA DE ESTADO DE DESENVOLVIMENTO ECONOMICO;;00661/2018;005/2018/SEDEC;Contratacao de empresa especializada na prestacao do servico de confeccao de carimbos para atender a Secretaria de Estado de Desenvolvimento Economico.;4044.85;03750414000126;GRAFICA DO PRETO LTDA- ME;2018-06-08;08/06/2018 a 07/06/2019;CELEBRADO;;PREGAO ELETRONICO;Servios de Apoio Administrativo, Tcnico e Operacional;39 - OUTROS SERVICOS DE TERCEIROS - PESSOA JURIDICA;transparencia_excel_18.xls;2018-06-08;2019-06-07
SECRETARIA DE ESTADO DE DESENVOLVIMENTO ECONOMICO;368197;00963/2018;017/2014 (4 Termo Aditivo);1.1.	O presente Termo Aditivo tem por objeto a prorrogacao do prazo de vigencia do contrato no 017/2014/SEDEC por mais 12 (doze) meses, com fulcro no inciso II, do artigo 57, da Lei n.o 8.666, de 21/06/1993, a partir de 14/08/2018.;131400.0;00015167828104;Ricardo Jose Simoes de Arruda;2018-08-13;14/08/2018 a 13/08/2019;CELEBRADO;;DISPENSA DE LICITACAO;Locao de Imveis;Locacao de Bens;transparencia_excel_18.xls;2018-08-14;2019-08-13
SECRETARIA DE ESTADO DE DESENVOLVIMENTO ECONOMICO;;00185/2019;020/2018/SEDEC;Contratacao de empresa especializada em fornecimento de gas de cozinha e vasilhames de acondicionamento, em atendimento a demanda da Secretaria de Estado de Desenvolvimento Economico, que deriva da adesao a Ata de Registro de Precos no 017/2018/SEGES, dec;2835.0;03401442000138;GASOLINI COMERCIO E SERVICOS - EIRELI;2018-12-06;06/12/2018 a 05/12/2019;CELEBRADO;;ADESAO;Fornecimento de Materiais de Consumo;52 - EQUIPAMENTOS E MATERIAL PERMANENTE;transparencia_excel_18.xls;2018-12-06;2019-12-05
SECRETARIA DE ESTADO DE DESENVOLVIMENTO ECONOMICO;114240;01087/2018;011/2018/SEDEC;Contratacao de empresa especializada na prestacao de servicos de agenciamento junto as instituicoes de ensino, sediadas em territorio mato-grossense, de estudantes dos ensinos medio, para preenchimento 10 (dez) bolsas de estagio existentes na Secretaria d;58535.88;61600839001550;CENTRO DE INTEGRACAO EMPRESA ESCOLA - CIEE;2018-09-25;25/09/2018 a 24/09/2019;CELEBRADO;;ADESAO;Estagirios;39 - OUTROS SERVICOS DE TERCEIROS - PESSOA JURIDICA;transparencia_excel_18.xls;2018-09-25;2019-09-24
SECRETARIA DE ESTADO DE DESENVOLVIMENTO ECONOMICO;477214;01427/2018;021/2018/SEDEC;Contratacao de empresa especializada na prestacao de servico de manutencao preventiva e corretiva, sem fornecimento de pecas, no elevador da Secretaria de Estado de Desenvolvimento Economico.;5158.8;26775577000169;ELEVAMAT CONSERVADORA DE ELEVADORES LTDA EPP;2018-12-07;07/12/2018 a 06/12/2019;CELEBRADO;;DISPENSA DE LICITACAO;Manuteno de Mveis e Equip.;39 - OUTROS SERVICOS DE TERCEIROS - PESSOA JURIDICA;transparencia_excel_18.xls;2018-12-07;2019-12-06
SECRETARIA DE ESTADO DE DESENVOLVIMENTO ECONOMICO;;00223/2019;017/2018/SEDEC;1.1. O objeto do presente Termo de Apostilamento consiste na alteracao da Clausula Segunda Das Especificacoes do Objeto, Itens 2.1 e 2.2 do Contrato no 017/2018/SEDEC, retificando o valor contratual, com a posterior reducao, tendo em vista que a Taxa Ad;151623.0;61600839001550;CENTRO DE INTEGRACAO EMPRESA ESCOLA - CIEE;2018-12-06;06/12/2018 a 05/12/2019;CELEBRADO;;PREGAO ELETRONICO;Estagirios;39 - OUTROS SERVICOS DE TERCEIROS - PESSOA JURIDICA;transparencia_excel_18.xls;2018-12-06;2019-12-05
SECRETARIA DE ESTADO DE DESENVOLVIMENTO ECONOMICO;601169;00010/2019;017/2017/SEDEC (1 ADITIVO);O presente Termo Aditivo tem por objeto a prorrogacao do prazo de vigencia do contrato no 017/2017/SEDEC por mais 6 (seis) meses, com fulcro no artigo 57, 1o, Inciso V da Lei Federal n.o 8.666, de 21/06/1993, a partir de 06/12/2018.;415000.0;73477176000102;PIRES E ASSOCIADOS ASSESSORIA LTDA EPP;2018-12-05;06/12/2018 a 05/06/2019;CELEBRADO;;TOMADA DE PRECOS;Estudos e Projetos;39 - OUTROS SERVICOS DE TERCEIROS - PESSOA JURIDICA;transparencia_excel_18.xls;2018-12-06;2019-06-05
SECRETARIA DE ESTADO DE DESENVOLVIMENTO ECONOMICO;525472;00039/2019;016/2016/SEDEC;Contratacao de empresa especializada na prestacao de servicos de entrega e coleta de pequenas cargas, documentos, correspondencias, pequenos objetos, sendo servicos nao realizados pela Empresa Brasileira de Correios e Telegrafos ECT, por meio de motocic;9777.0;13498158000185;F L AGUIAR ME;2018-12-04;04/12/2018 a 03/03/2019;CELEBRADO;;DISPENSA DE LICITACAO;Terceirizaes;39 - OUTROS SERVICOS DE TERCEIROS - PESSOA JURIDICA;transparencia_excel_18.xls;2018-12-04;2019-03-03
SECRETARIA DE ESTADO DE DESENVOLVIMENTO ECONOMICO;;00263/2019;018/2018/SEDEC;"Contratacao de empresa especializada na prestacao de servicos continuados de gerenciamento e controle de fornecimento de combustiveis (Gasolina comum; Diesel comum e S10; e Etanol comum), em rede de postos credenciados, com implantacao e operacao de siste";132800.0;05340639000130;PRIME CONSULTORIA E ASSESSORIA EMPRESARIAL LTDA;2018-12-06;06/12/2018 a 05/12/2019;CELEBRADO;;PREGAO ELETRONICO;Terceirizaes;39 - OUTROS SERVICOS DE TERCEIROS - PESSOA JURIDICA;transparencia_excel_18.xls;2018-12-06;2019-12-05
SECRETARIA DE ESTADO DE DESENVOLVIMENTO ECONOMICO;467938;00059/2019;027/2014 (7 Termo Aditivo);O Presente Termo Aditivo tem por objeto prorrogar o prazo de vigencia por 180 (cento e oitenta) dias, do Contrato NR. 027/2014/SEDEC, conforme disposto no art. 57, 1A, incisos V e VI da Lei 8.666/93 e suas posteriores alteracoes.;1435418.29;24683120000107;A I FERNANDES SERVICOS DE ENGENHARIA EIRELI EPP;2018-10-23;27/10/2018 a 24/04/2019;CELEBRADO;;CONCORRENCIA;Obras de Infra-Estrutura;51 - OBRAS E INSTALACOES;transparencia_excel_18.xls;2018-10-27;2019-04-24
SECRETARIA DE ESTADO DE DESENVOLVIMENTO ECONOMICO;;00108/2019;008/2016/SEDEC;1.1.	O presente Termo Aditivo tem por objeto a prorrogacao do prazo de vigencia do Contrato nA 008/2016/SEDEC, por mais 12 (doze) meses, com fulcro no inciso II do artigo 57, da Lei n.o 8.666, de 21/06/1993, tendo vigencia a partir de 12/05/2018.;121200.0;05522682000116;GLOBALTASK TECNOLOGIA E GESTAO S/A;2018-05-11;12/05/2018 a 11/05/2019;CELEBRADO;;PREGAO ELETRONICO;Servios de Cpias e Impresses;39 - OUTROS SERVICOS DE TERCEIROS - PESSOA JURIDICA;transparencia_excel_18.xls;2018-05-12;2019-05-11
SECRETARIA DE ESTADO DE DESENVOLVIMENTO ECONOMICO;585035;00158/2019;040/2013/SEDEC (13 ADITIVO);Contratacao de empresa de arquitetura/engenharia para elaboracao dos PROJETOS BASICOS E EXECUTIVOS de Revitalizacao da Orla de Caceres/MT.;320000.0;10948747000120;ABRANGENTE ENGENHARIA LTDA;2018-11-23;26/11/2018 a 24/05/2019;CELEBRADO;;PREGAO PRESENCIAL;Estudos e Projetos;39 - OUTROS SERVICOS DE TERCEIROS - PESSOA JURIDICA;transparencia_excel_18.xls;2018-11-26;2019-05-24
SECRETARIA DE ESTADO DE DESENVOLVIMENTO ECONOMICO;;01223/2018;017/2015/SEDEC (4 Aditivo);CLAUSULA PRIMEIRA DO OBJETO E FUNDAMENTACAO LEGAL: 1.1. O presente Termo Aditivo tem por objeto a prorrogacao do prazo de vigencia do contrato no 017/2015/SEDEC por mais 12 (doze) meses, com fulcro no inciso II, do artigo 57, da Lei n.o 8.666 de 21/06/;235632.0;08282957000180;PANTANAL VIGILANCIA E SEGURANCA LTDA.;2019-10-18;21/10/2018 a 21/01/2020;CELEBRADO;;PREGAO PRESENCIAL;Vigilncia;39 - OUTROS SERVICOS DE TERCEIROS - PESSOA JURIDICA;transparencia_excel_18.xls;2018-10-21;2020-01-21
SECRETARIA DE ESTADO DE DESENVOLVIMENTO ECONOMICO;389978;00213/2019;014/2018/SEDEC;Contratacao de empresa que, sob demanda, prestara servicos de manutencao predial preventiva (visita periodica) e corretiva (eventuais), com fornecimento de pecas, equipamentos, materiais e mao de obra, com o maior desconto a ser aplicado na forma estabele;200000.0;32953515000100;AVANCI COSNTRUCAO E SERVICOS EIRELI EPP;2018-11-06;06/11/2018 a 06/05/2020;CELEBRADO;;ADESAO;Manuteno de Imveis;39 - OUTROS SERVICOS DE TERCEIROS - PESSOA JURIDICA;transparencia_excel_18.xls;2018-11-06;2020-05-06
SECRETARIA DE ESTADO DE DESENVOLVIMENTO ECONOMICO;;00333/2018;001/2018;Contratacao de pessoa juridica para a prestacao dos servicos de manutencao preventiva, corretiva, remanejamento de aparelhos condicionadores de ar, elaboracao e emissao de relatorios de inspecoes periodicas e demais servicos.;27600.0;06021988000151;POLO AR CONDICIONADO SERVICOS DE REFRIGERACAO LTDA EPP;2018-02-20;20/02/2018 a 21/02/2022;CELEBRADO;;PREGAO ELETRONICO;Terceirizaes;39 - OUTROS SERVICOS DE TERCEIROS - PESSOA JURIDICA;transparencia_excel_18.xls;2018-02-20;2022-02-21
SECRETARIA DE ESTADO DE DESENVOLVIMENTO ECONOMICO;256274;00622/2018;004/2015 (3 Termo Aditivo);Locacao de imovel nao residencial, localizado na Rua Brigadeiro Eduardo Gomes, nA 86, Bairro: Goiabeiras, Cuiaba-MT, com medida 85,5 m2, espaco livre, com laje, piso ceramico, cerca eletrica, concertina, instalacao eletrica e hidraulica, com vaga para car;39316.92;18460001000184;G.DI GRECCO DA COSTA MARQUES & CIA LTDA-ME;2022-06-30;01/07/2018 a 30/06/2023;CELEBRADO;;DISPENSA DE LICITACAO;Locao de Imveis;Locacao de Bens;transparencia_excel_18.xls;2018-07-01;2023-06-30
SECRETARIA DE ESTADO DE DESENVOLVIMENTO ECONOMICO;;00848/2019;006/2019;1.1	O objeto do presente instrumento refere-se a contratacao de empresa especializada na Confeccao de Carimbos para atender a Secretaria de Estado de Desenvolvimento Economico, que deriva da adesao a Ata de Registro de Precos no 033/2018/SEGES, decorrente;13253.5;03750414000126;GRAFICA DO PRETO LTDA- ME;;16/07/2019 a 14/07/2020;ATIVO;;ADESAO;Servios Grficos;39 - OUTROS SERVICOS DE TERCEIROS - PESSOA JURIDICA;transparencia_excel_19.xls;2019-07-16;2020-07-14
SECRETARIA DE ESTADO DE DESENVOLVIMENTO ECONOMICO;;00434/2018;002/2018;O presente contrato tem por objeto a prestacao, pela ECT, de servicos e venda de produtos, que atendam as necessidades da CONTRATANTE, mediante adesao ao(s) ANEXO(s) deste Instrumento contratual que, individualmente, caracteriza(m) cada modalidade envolvi;20000.0;34028316001690;ECT- Empresa Publica, Constituida nos Termos do Decreto-Lei no 509, de 20 de Marco de 1969.;2018-03-16;16/03/2019 a 14/03/2020;CELEBRADO;;DISPENSA DE LICITACAO;Encomendas e Corresp.;39 - OUTROS SERVICOS DE TERCEIROS - PESSOA JURIDICA;transparencia_excel_19.xls;2019-03-16;2020-03-14
SECRETARIA DE ESTADO DE DESENVOLVIMENTO ECONOMICO;;00427/2019;002/2019/SEDEC;Constitui objeto do presente contrato a CONTRATACAO DE EMPRESA PARA FORNECIMENTO DE AGUA MINERAL para atendimento da demanda da Secretaria de Estado de Desenvolvimento Economico de Mato Grosso, que deriva da adesao a Ata de Registro de Precos no 06/2019,;10725.0;13332212000118;FINISSAYMA DISTRIBUIDORA DE AGUA LTDA ME;2019-04-02;02/04/2019 a 02/04/2020;CELEBRADO;;PREGAO ELETRONICO;Fornecimento de Materiais de Consumo;52 - EQUIPAMENTOS E MATERIAL PERMANENTE;transparencia_excel_19.xls;2019-04-02;2020-04-02
SECRETARIA DE ESTADO DE DESENVOLVIMENTO ECONOMICO;;00799/2019;003/2019;1.1	O objeto do presente instrumento refere-se a contratacao de empresa especializada no servico de Publicacao de materias em jornais de circulacao diaria Nacional, para atender a demanda de publicacao dos atos normativos e nao normativos da Secretaria de;2184.0;18876112000176;GIBBOR PUBLICIDADE E PUBLICACOES DE EDITAIS LTDA EPP;2019-06-04;04/06/2019 a 02/06/2020;CELEBRADO;;ADESAO;Servios Grficos;39 - OUTROS SERVICOS DE TERCEIROS - PESSOA JURIDICA;transparencia_excel_19.xls;2019-06-04;2020-06-02
SECRETARIA DE ESTADO DE DESENVOLVIMENTO ECONOMICO;;00829/2019;005/2019;1.1	O objeto do presente instrumento refere-se a contratacao de empresa especializada no servico de Publicacao de materias no Diario Oficial da Uniao (D.O.U), publicacao diaria, para atender a demanda de publicacao dos atos normativos e nao normativos da;4353.28;24618152000110;DEPARTAMENTO DE PUBLICACOES BRASILIA LTDA;2019-07-02;02/07/2019 a 30/06/2020;CELEBRADO;;PREGAO ELETRONICO;Terceirizaes;39 - OUTROS SERVICOS DE TERCEIROS - PESSOA JURIDICA;transparencia_excel_19.xls;2019-07-02;2020-06-30
SECRETARIA DE ESTADO DE DESENVOLVIMENTO ECONOMICO;;00800/2019;004/2019;1.1	O objeto do presente instrumento refere-se a contratacao de empresa especializada em servicos de Publicacao de materias em jornais de circulacao diaria Estadual em Mato Grosso, para atender a demanda de publicacao dos atos normativos e nao normativos;1894.32;10676614000141;K3 COMERCIO VAREJISTA DE JORNAIS, REVISTAS E OUTRAS PUBLICACOES LTDA ME;2019-06-04;04/06/2019 a 02/06/2020;CELEBRADO;;ADESAO;Servios de Apoio Administrativo, Tcnico e Operacional;39 - OUTROS SERVICOS DE TERCEIROS - PESSOA JURIDICA;transparencia_excel_19.xls;2019-06-04;2020-06-02
SECRETARIA DE ESTADO DE DESENVOLVIMENTO ECONOMICO;582919;00197/2019;001/2018/SEDEC (1 ADITIVO);1.1.	O presente Termo Aditivo tem por objeto a prorrogacao do prazo de vigencia do contrato no 001/2018/SEDEC por mais 12 (doze) meses, com fulcro no inciso II, do artigo 57, da Lei nA 8.666 de 21/06/1993, a partir de 20/02/2019.;27600.0;06021988000151;POLO AR CONDICIONADO SERVICOS DE REFRIGERACAO LTDA EPP;2019-02-19;20/02/2019 a 20/02/2020;CELEBRADO;;PREGAO ELETRONICO;Manuteno de Ar Condicionado;39 - OUTROS SERVICOS DE TERCEIROS - PESSOA JURIDICA;transparencia_excel_19.xls;2019-02-20;2020-02-20
SECRETARIA DE ESTADO DE DESENVOLVIMENTO ECONOMICO;154383;00518/2019;027/2014/SEDEC (8 Aditivo);8o Termo Aditivo - O presente Termo Aditivo tem por objeto prorrogar o prazo de vigencia por 180 (cento e oitenta) dias do Contrato no 027-2014-SEDEC, conforme disposto no art. 57, 1o, inc. VI da Lei 8.666-93 e suas posteriores alteracoes.;1435418.29;24683120000107;A I FERNANDES SERVICOS DE ENGENHARIA EIRELI EPP;2019-04-24;24/04/2019 a 21/10/2019;CELEBRADO;;CONCORRENCIA;Obras de Infra-Estrutura;51 - OBRAS E INSTALACOES;transparencia_excel_19.xls;2019-04-24;2019-10-21
SECRETARIA DE ESTADO DE DESENVOLVIMENTO ECONOMICO;;00533/2019;008/2016 (3Termo Aditivo);O presente Termo Aditivo tem por objeto a prorrogacao do prazo de vigencia do Contrato nA 008/2016/SEDEC, por mais 12 (doze) meses, com fulcro no inciso II do artigo 57, da Lei n.o 8.666, de 21/06/1993, tendo vigencia a partir de 12/05/2019.;78000.0;05522682000116;GLOBALTASK TECNOLOGIA E GESTAO S/A;2019-05-10;12/05/2019 a 11/05/2020;CELEBRADO;;ADESAO;Servios de Cpias e Impresses;39 - OUTROS SERVICOS DE TERCEIROS - PESSOA JURIDICA;transparencia_excel_19.xls;2019-05-12;2020-05-11
SECRETARIA DE ESTADO DE DESENVOLVIMENTO ECONOMICO;252696;00044/2020;012/2012/SEDEC;O objeto do presente instrumento refere-se a contratacao de empresa especializada na prestacao de servicos de manutencao preventiva e corretiva, com fornecimento de materiais e pecas, desmontagem, transporte e remontagem de sistemas de arquivos deslizante;2235.2;03072631000104;SUPRIDATAS COMERCIO DE MOVEIS LTDA;2019-09-18;18/09/2019 a 17/09/2020;CELEBRADO;;ADESAO;Manut. Equip. Process. Dados;39 - OUTROS SERVICOS DE TERCEIROS - PESSOA JURIDICA;transparencia_excel_19.xls;2019-09-18;2020-09-17
SECRETARIA DE ESTADO DE DESENVOLVIMENTO ECONOMICO;414241;00056/2020;012/2019/SEDEC;1.1	O objeto do presente instrumento refere-se a contratacao de empresa especializada na prestacao de servicos de manutencao preventiva e corretiva, com fornecimento de materiais e pecas, desmontagem, transporte e remontagem de sistemas de arquivos desliz;26822.4;03072631000104;SUPRIDATAS COMERCIO DE MOVEIS LTDA;2019-11-18;18/11/2019 a 17/11/2020;CELEBRADO;;PREGAO ELETRONICO;Manut. Equip. Process. Dados;39 - OUTROS SERVICOS DE TERCEIROS - PESSOA JURIDICA;transparencia_excel_19.xls;2019-11-18;2020-11-17
SECRETARIA DE ESTADO DE DESENVOLVIMENTO ECONOMICO;228031;00117/2020;010/2019/sedec;Contratacao de empresa para prestacao de servicos de copia, impressao e digitalizacao com a funcionalidade departamental, e solucao de gestao de impressao atraves de software, com estabelecimento de pagamento mensal, com fornecimento, instalacao e configu;24240.0;08257279000103;MARCOS S. BIUDES - ME;2019-11-04;04/11/2019 a 03/11/2020;CELEBRADO;;PREGAO ELETRONICO;Servios de Cpias e Impresses;39 - OUTROS SERVICOS DE TERCEIROS - PESSOA JURIDICA;transparencia_excel_19.xls;2019-11-04;2020-11-03
SECRETARIA DE ESTADO DE DESENVOLVIMENTO ECONOMICO;234680;00099/2019;024/2014/SEDEC (6 ADITIVO);1.1	O Presente Termo Aditivo tem por objeto prorrogar por 365 (trezentos e sessenta e cinco) dias o prazo de execucao e vigencia do Contrato no. 024/2014/SEDEC, conforme disposto no art. 57, 1A, incisos V e VI, da Lei Federal no 8.666/93 e suas posterio;3339823.88;21113837000117;CONSORCIO MT TUR;2019-12-09;10/12/2019 a 08/12/2020;CELEBRADO;;PREGAO ELETRONICO;Obras de Infra-Estrutura;51 - OBRAS E INSTALACOES;transparencia_excel_19.xls;2019-12-10;2020-12-08
SECRETARIA DE ESTADO DE DESENVOLVIMENTO ECONOMICO;;01299/2018;020/2015/SEDEC (3 ADITIVO);1.1.	O presente Termo Aditivo tem por objeto a prorrogacao do prazo de vigencia do contrato no 020/2015/SEDEC por mais 12 (doze) meses, com fulcro no inciso II, do artigo 57, da Lei n.o 8.666, de 21/06/1993, a partir de 29/10/2018.;500000.0;36932853000109;ARARAUNA TURISMO ECOLOGICO LTDA - EPP;2019-10-23;29/10/2019 a 27/10/2020;CELEBRADO;;PREGAO ELETRONICO;Passagens Areas;39 - OUTROS SERVICOS DE TERCEIROS - PESSOA JURIDICA;transparencia_excel_19.xls;2019-10-29;2020-10-27
SECRETARIA DE ESTADO DE DESENVOLVIMENTO ECONOMICO;;00767/2019;007/2019;O presente contrato tem por objeto a contratacao de empresa especializada no fornecimento de mao-de-obra para execucao do servico de recepcionista para atender a demanda da Secretaria de Estado de Desenvolvimento.;11995.6;12029446000128;LAVORO COMERCIO PRESTACAO DE SERVICOS EM MAO DE OBRA LTDA;2019-08-02;02/08/2019 a 02/08/2021;CELEBRADO;;ADESAO;Terceirizaes;39 - OUTROS SERVICOS DE TERCEIROS - PESSOA JURIDICA;transparencia_excel_19.xls;2019-08-02;2021-08-02
SECRETARIA DE ESTADO DE DESENVOLVIMENTO ECONOMICO;584152;00171/2019;002/2016/SEDEC (5 Aditivo);O presente Termo Aditivo tem por objeto a prorrogacao do prazo de vigencia do contrato no 002/2016/SEDEC por mais 12 (doze) meses, com fulcro no inciso II, do artigo 57, da Lei nA 8.666 de 21/06/1993, a partir de 27/01/2019.;108000.0;12029446000128;LAVORO COMERCIO PRESTACAO DE SERVICOS EM MAO DE OBRA LTDA;2020-01-24;27/01/2019 a 26/01/2021;CELEBRADO;;PREGAO ELETRONICO;Terceirizaes;39 - OUTROS SERVICOS DE TERCEIROS - PESSOA JURIDICA;transparencia_excel_19.xls;2019-01-27;2021-01-26
SECRETARIA DE ESTADO DE DESENVOLVIMENTO ECONOMICO;34548;00208/2019;001/2019/SEDEC;Contratacao de empresa especializada no fornecimento de generos alimenticios, sendo cafe e acucar, para atender a Secretaria de Estado de Desenvolvimento Economico, que deriva da adesao a Ata de Registro de Precos no 035/2019/SEGES, decorrente do Pregao E;5472.0;26511522000141;FLOR DE MAIO C OMERCIO VAREJISTA DE PRODUTOS ALIMENTICIOS EIRELI;2019-10-18;12/03/2019 a 11/03/2020;CELEBRADO;;ADESAO;Fornecimento de Materiais de Consumo;52 - EQUIPAMENTOS E MATERIAL PERMANENTE;transparencia_excel_19.xls;2019-03-12;2020-03-11
SECRETARIA DE ESTADO DE DESENVOLVIMENTO ECONOMICO;331137;01411/2020;011/2019;1.1. O presente Contrato tem por objeto a Contratacao de empresa especializada na prestacao de servicos de vigilancia desarmada e seguranca patrimonial para atender a demanda no Complexo Turistico e Historico de Mimoso Memorial Candido Rondon no municip;408260.4;26722100000115;TRUNK SEGURANCA EIRELI - EPP;2019-11-14;14/11/2019 a 13/11/2020;CANCELADO;;PREGAO ELETRONICO;Vigilncia;39 - OUTROS SERVICOS DE TERCEIROS - PESSOA JURIDICA;transparencia_excel_19.xls;2019-11-14;2020-11-13
SECRETARIA DE ESTADO DE DESENVOLVIMENTO ECONOMICO;372959;00052/2020;013/2019/SEDEC;O objeto do presente instrumento refere-se a contratacao de empresa especializada na prestacao de servicos de agenciamento junto as instituicoes de ensino, sediadas em territorio mato-grossense, de estudantes do ensino superior, para preenchimento de 25 (;272898.0;61600839001550;CENTRO DE INTEGRACAO EMPRESA ESCOLA - CIEE;2019-12-03;03/12/2019 a 03/12/2020;CELEBRADO;;PREGAO ELETRONICO;Estagirios;39 - OUTROS SERVICOS DE TERCEIROS - PESSOA JURIDICA;transparencia_excel_19.xls;2019-12-03;2020-12-03
SECRETARIA DE ESTADO DE DESENVOLVIMENTO ECONOMICO;327334;00079/2019;013/2014/SEDEC (6 ADITIVO);1.1. O Presente Termo Aditivo tem por objeto prorrogar por 180 (cento e oitenta) dias o prazo de execucao e 365 (trezentos e sessenta e cinco) dias o prazo de vigencia do contrato no 013/2014/SEDEC, conforme disposto no art. 57, 1A, incisos V e VI da Le;1571069.03;01898295000128;GEOSOLO ENGENHARIA PLANEJAMENTO E CONSULTORIA LTDA.;2018-09-25;11/01/2019 a 13/01/2023;CELEBRADO;;CONCORRENCIA;Obras de Infra-Estrutura;51 - OBRAS E INSTALACOES;transparencia_excel_19.xls;2019-01-11;2023-01-13
SECRETARIA DE ESTADO DE DESENVOLVIMENTO ECONOMICO;;01082/2019;009/2019;O objeto do presente instrumento refere-se a contratacao de empresa especializada na prestacao de servicos de agenciamento junto as instituicoes de ensino, sediadas em territorio mato-grossense, de estudantes do ensino medio, para preenchimento de 15 (qui;96555.6;61600839001550;CENTRO DE INTEGRACAO EMPRESA ESCOLA CIEE;2021-09-21;24/09/2019 a 24/09/2022;CELEBRADO;;ADESAO;Estagirios;39 - OUTROS SERVICOS DE TERCEIROS - PESSOA JURIDICA;transparencia_excel_19.xls;2019-09-24;2022-09-24
SECRETARIA DE ESTADO DE DESENVOLVIMENTO ECONOMICO;454639;01142/2018;012/2018/SEDEC;Contratacao de empresa para a prestacao de servico continuado de conservacao, limpeza e asseio da Secretaria de Estado de Desenvolvimento Economico e suas unidades externas, com disponibilizacao de mao-de-obra, produtos saneantes domissanitarios, materiai;214200.0;29541628000186;COMPREST CONSTRUTORA E PRESTADORA DE SERVICOS EIRELI;2021-09-29;01/10/2019 a 01/10/2022;CELEBRADO;;PREGAO ELETRONICO;Limpeza;39 - OUTROS SERVICOS DE TERCEIROS - PESSOA JURIDICA;transparencia_excel_19.xls;2019-10-01;2022-10-01
SECRETARIA DE ESTADO DE DESENVOLVIMENTO ECONOMICO;313374;00068/2019;029/2014/SEDEC (4 ADITIVO);1.1. O Presente Termo Aditivo tem por objeto prorrogar por 365 (trezentos e sessenta e cinco) dias o prazo de vigencia e por 240 (duzentos e quarenta) dias o prazo de execucao do Contrato no. 029/2014/SEDEC, conforme disposto no art. 57, 1A, incisos I e;6758329.57;01898295000128;GEOSOLO ENGENHARIA PLANEJAMENTO E CONSULTORIA LTDA.;2021-11-22;13/12/2019 a 15/12/2022;CELEBRADO;;CONCORRENCIA;Obras de Infra-Estrutura;51 - OBRAS E INSTALACOES;transparencia_excel_19.xls;2019-12-13;2022-12-15
SECRETARIA DE ESTADO DE DESENVOLVIMENTO ECONOMICO;;00443/2019;013/2014/SEDEC (7Aditivo);O Presente Termo Aditivo tem por objeto prorrogar por 180 (cento e oitenta) dias o prazo de execucao do contrato no 013/2014/SEDEC, FICANDO O TERMINO PARA 30/06/2019, conforme disposto no art. 57, 1A, incisos V e VI da Lei 8.666/93 e suas posteriores al;1571069.03;01898295000128;GEOSOLO ENGENHARIA PLANEJAMENTO E CONSULTORIA LTDA.;2023-01-13;10/01/2019 a 14/01/2024;CELEBRADO;;CONCORRENCIA;Const. Bens de Uso Comum;51 - OBRAS E INSTALACOES;transparencia_excel_19.xls;2019-01-10;2024-01-14
SECRETARIA DE ESTADO DE DESENVOLVIMENTO ECONOMICO;;01193/2018;013/2018/SEDEC;Contratacao de empresa especializada em prestacao de servico Telefonico Fixo Comutado e Servicos vinculados instalacao e assinatura, nas modalidades Local, com Discagem Direta a Ramal DDR, Longa Distancia Nacional LDN e Longa Distancia Internacional;46661.15;76535764000143;OI S/A;2023-10-04;05/10/2019 a 04/04/2024;CELEBRADO;;PREGAO ELETRONICO;Telefonia Fixa;39 - OUTROS SERVICOS DE TERCEIROS - PESSOA JURIDICA;transparencia_excel_19.xls;2019-10-05;2024-04-04
SECRETARIA DE ESTADO DE DESENVOLVIMENTO ECONOMICO;493137;00801/2020;009/2020;O objeto do presente instrumento refere-se a contratacao de empresa especializada no fornecimento de genero alimenticio, sendo acucar, para atender a Secretaria de Estado de Desenvolvimento Economico.;2628.0;34035241000198;ALVARO JOSE CAMARGO DA SILVA;2020-07-08;08/07/2020 a 07/07/2021;CELEBRADO;;DISPENSA DE LICITACAO;Fornecimento de Materiais de Consumo;52 - EQUIPAMENTOS E MATERIAL PERMANENTE;transparencia_excel_20.xls;2020-07-08;2021-07-07
SECRETARIA DE ESTADO DE DESENVOLVIMENTO ECONOMICO;493137;00806/2020;010/2020;O objeto do presente instrumento refere-se a contratacao de empresa especializada no fornecimento de genero alimenticio, sendo cafe torrado e moido, para atender a Secretaria de Estado de Desenvolvimento Economico.;7800.0;08613892000108;R C FREITAS EIRELI;2020-07-15;15/07/2020 a 14/07/2021;CELEBRADO;;DISPENSA DE LICITACAO;Fornecimento de Materiais de Consumo;52 - EQUIPAMENTOS E MATERIAL PERMANENTE;transparencia_excel_20.xls;2020-07-15;2021-07-14
SECRETARIA DE ESTADO DE DESENVOLVIMENTO ECONOMICO;493137;00809/2020;011/2020;O objeto do presente instrumento refere-se a contratacao de empresa especializada no fornecimento de genero alimenticio, sendo cha mate tostado, para atender a Secretaria de Estado de Desenvolvimento Economico.;1595.0;33823751000167;DISBRANCO COMERCIO E DISTRIBUICAO DE ALIMENTOS LTDA;2020-07-15;15/07/2020 a 14/07/2021;CELEBRADO;;DISPENSA DE LICITACAO;Fornecimento de Materiais de Consumo;52 - EQUIPAMENTOS E MATERIAL PERMANENTE;transparencia_excel_20.xls;2020-07-15;2021-07-14
SECRETARIA DE ESTADO DE DESENVOLVIMENTO ECONOMICO;;00811/2020;006/2020;. O objeto do presente instrumento refere-se a contratacao de empresa especializada na prestacao dos servicos de chaveiro e confeccao de chaves, sob demanda, no perimetro do municipio de Cuiaba-MT, para atender a Secretaria de Estado de Desenvolvimento Ec;5870.0;24721508000147;DOMINGOS SAVIO QUEIROZ PORTO-ME;2020-05-19;19/05/2020 a 18/05/2021;CELEBRADO;;PREGAO ELETRONICO;Servios Tcnicos Profissionais;39 - OUTROS SERVICOS DE TERCEIROS - PESSOA JURIDICA;transparencia_excel_20.xls;2020-05-19;2021-05-18
SECRETARIA DE ESTADO DE DESENVOLVIMENTO ECONOMICO;93540;00829/2020;007/2019;O objeto do presente instrumento refere-se a contratacao de empresa especializada em coleta e entrega de documentos e pequenas cargas, sendo servico nao realizados pela Empresa Brasileira de Correios e Telegrafos - ETC, por meio de motocicletas com bau e;32400.0;08967189000106;ANDRE CABRAL DE AQUINO EIRELI ME;2020-05-19;19/05/2020 a 18/05/2021;CELEBRADO;;ADESAO;Encomendas e Corresp.;39 - OUTROS SERVICOS DE TERCEIROS - PESSOA JURIDICA;transparencia_excel_20.xls;2020-05-19;2021-05-18
SECRETARIA DE ESTADO DE DESENVOLVIMENTO ECONOMICO;405951;00849/2020;008/2020;Fornecimento/aquisicao e instalacao/manutencao de um (01) elevador plataforma elevatoria vertical para acessibilidade, conforme especificacoes tecnicas constantes neste documento, e ainda conforme normas da ABNT, com finalidade de atender as necessidades;55000.0;01652937000104;METALURGICA ASCURRA EIRELI;2020-07-13;13/07/2020 a 12/07/2021;CELEBRADO;;PREGAO ELETRONICO;Manuteno de Mveis e Equip.;39 - OUTROS SERVICOS DE TERCEIROS - PESSOA JURIDICA;transparencia_excel_20.xls;2020-07-13;2021-07-12
SECRETARIA DE ESTADO DE DESENVOLVIMENTO ECONOMICO;;00835/2020;012/2020;1 O objeto do presente instrumento refere-se a contratacao de empresa especializada em coleta e entrega de documentos e pequenas cargas, sendo servicos nao realizados pela Empresa Brasileira de Correios e Telegrafos ECT, por meio de motocicleta com bau;3382.5;24721508000147;DOMINGOS SAVIO QUEIROZ PORTO-ME;2020-07-15;15/07/2020 a 14/07/2021;CELEBRADO;;PREGAO ELETRONICO;Servios de Apoio Administrativo, Tcnico e Operacional;39 - OUTROS SERVICOS DE TERCEIROS - PESSOA JURIDICA;transparencia_excel_20.xls;2020-07-15;2021-07-14
SECRETARIA DE ESTADO DE DESENVOLVIMENTO ECONOMICO;2298242;00477/2020;004/2020;Contratacao de empresa especializada em prestacao de servico de lavagem de veiculo para atender a SEDEC e adjuntas, conforme condicoes, quantitativos e especificacoes constantes neste contrato.;6700.0;04895499000101;creative assistencia automotiva;2020-04-27;27/04/2020 a 26/04/2021;CELEBRADO;;DISPENSA DE LICITACAO;Manuteno de Veculos;39 - OUTROS SERVICOS DE TERCEIROS - PESSOA JURIDICA;transparencia_excel_20.xls;2020-04-27;2021-04-26
SECRETARIA DE ESTADO DE DESENVOLVIMENTO ECONOMICO;1127410;00478/2020;003/2020;Contratacao de empresa especializada no fornecimento de agua mineral natural;11025.0;13332212000118;FINISSIMA DISTRIBUIDORA DE AGUA LTDA ME;2020-04-30;30/04/2020 a 29/04/2021;CELEBRADO;;ADESAO;Servios de Apoio Administrativo, Tcnico e Operacional;39 - OUTROS SERVICOS DE TERCEIROS - PESSOA JURIDICA;transparencia_excel_20.xls;2020-04-30;2021-04-29
SECRETARIA DE ESTADO DE DESENVOLVIMENTO ECONOMICO;;00841/2020;002/2020;. O objeto do presente instrumento refere-se a contratacao de empresa especializada no fornecimento de gas de cozinha e vasilhames de acondicionamento, que deriva da adesao a Ata de Registro de Precos no 004/2019/SEPLAG, decorrente do Pregao Eletronico no;2820.0;03401442000138;GASOLINI COMERCIO E SERVICOS - EIRELI;2020-03-06;06/03/2020 a 05/03/2021;CELEBRADO;;PREGAO ELETRONICO;Manuteno de Mveis e Equip.;39 - OUTROS SERVICOS DE TERCEIROS - PESSOA JURIDICA;transparencia_excel_20.xls;2020-03-06;2021-03-05
SECRETARIA DE ESTADO DE DESENVOLVIMENTO ECONOMICO;212364;00914/2018;014/2016/SEDEC (2 ADITIVO);1.1.	O presente Termo Aditivo tem por objeto a prorrogacao do prazo de vigencia do Contrato nA 014/2016/SEDEC por mais 12 (doze) meses, com fulcro no inciso II do artigo 57, da Lei n.o 8.666, de 21/06/1993, tendo vigencia a partir de 28/07/2018. 1.2. Tem;96720.0;11644975000179;VINICIUS BELOTO ME;2018-07-27;27/07/2020 a 26/07/2021;CELEBRADO;;PREGAO PRESENCIAL;Locao de Veculos;Locacao de Bens;transparencia_excel_20.xls;2020-07-27;2021-07-26
SECRETARIA DE ESTADO DE DESENVOLVIMENTO ECONOMICO;133161;01580/2020;022/2020;Contratacao de empresa especializada para aquisicao de cameras de seguranca e monitoramento eletronico, bem como materiais correlatos e servicos de instalacao e configuracao.;35400.0;00551775000155;D.I COMERCIO E SERVICOS LTDA EPP;2020-12-03;03/12/2020 a 02/03/2021;CANCELADO;;PREGAO ELETRONICO;Instalao de Equipamentos Em Geral;39 - OUTROS SERVICOS DE TERCEIROS - PESSOA JURIDICA;transparencia_excel_20.xls;2020-12-03;2021-03-02
SECRETARIA DE ESTADO DE DESENVOLVIMENTO ECONOMICO;207304;01371/2020;019/2020;Contratacao de empresa operadora de cartoes magneticos via web, para o gerenciamento de manutencao preventiva e corretiva (mecanica especializada, eletrica, arrefecimento, refrigeracao, funilaria, lanternagem, vidracaria, carroceria, tapecaria, instalacao;100000.0;03817702000150;VOLUS TECNOLOGIA E GESTAO DE BENEFICIOS LTDA;2020-10-28;28/10/2020 a 28/10/2021;CELEBRADO;;PREGAO PRESENCIAL;Instalao de Equipamentos Em Geral;39 - OUTROS SERVICOS DE TERCEIROS - PESSOA JURIDICA;transparencia_excel_20.xls;2020-10-28;2021-10-28
SECRETARIA DE ESTADO DE DESENVOLVIMENTO ECONOMICO;133161;01587/2020;022/2020;1. CLAUSULA PRIMEIRA DO OBJETO 1.1.O presente contrato tem como objeto a contratacao de empresa especializada para aquisicao de cameras de seguranca e monitoramento eletronico, bem como materiais correlatos e servicos de instalacao e configuracao. 1.2 V;35400.0;00551775000155;D.I COMERCIO E SERVICOS LTDA EPP;;03/12/2020 a 02/03/2021;CANCELADO;;PREGAO ELETRONICO;Instalao de Equipamentos Em Geral;39 - OUTROS SERVICOS DE TERCEIROS - PESSOA JURIDICA;transparencia_excel_20.xls;2020-12-03;2021-03-02
SECRETARIA DE ESTADO DE DESENVOLVIMENTO ECONOMICO;133161;01601/2020;022/2020;1. CLAUSULA PRIMEIRA DO OBJETO 1.1.O presente contrato tem como objeto a contratacao de empresa especializada para aquisicao de cameras de seguranca e monitoramento eletronico, bem como materiais correlatos e servicos de instalacao e configuracao.;35400.0;00551775000155;D.I COMERCIO E SERVICOS LTDA EPP;2020-12-03;03/12/2020 a 02/03/2021;CELEBRADO;;PREGAO ELETRONICO;Instalao de Equipamentos Em Geral;39 - OUTROS SERVICOS DE TERCEIROS - PESSOA JURIDICA;transparencia_excel_20.xls;2020-12-03;2021-03-02
SECRETARIA DE ESTADO DE DESENVOLVIMENTO ECONOMICO;234635;01461/2020;018/2020;O objeto do persente contrato consiste na contratacao de SEGURO TOTAL, com assistencia 24 (vinte e quatro) horas, de 03 (tres) veiculos da frota oficial da Secretaria de Desenvolvimento Economico, conforme as especificacoes contidas no Termo de Referencia;3320.0;61074175000138;MAPFRE SEGUROS GERAIS S/A;;06/11/2020 a 05/11/2021;CANCELADO;;DISPENSA DE LICITACAO;Seguros de Bens Mveis e Imveis;39 - OUTROS SERVICOS DE TERCEIROS - PESSOA JURIDICA;transparencia_excel_20.xls;2020-11-06;2021-11-05
SECRETARIA DE ESTADO DE DESENVOLVIMENTO ECONOMICO;234635;01464/2020;018/2020;Contratacao de SEGURO TOTAL, com assistencia 24 (vinte e quatro) horas, de 03 (tres) veiculos da frota oficial da Secretaria de Estado de Desenvolvimento Economico, conforme as especificacoes contidas no Termo de Referencia, na proposta, neste contrato e;3320.0;61074175000138;MAPFRE SEGUROS GERAIS S/A;2020-11-06;06/11/2020 a 05/11/2021;CELEBRADO;;DISPENSA DE LICITACAO;Seguros de Bens Mveis e Imveis;39 - OUTROS SERVICOS DE TERCEIROS - PESSOA JURIDICA;transparencia_excel_20.xls;2020-11-06;2021-11-05
SECRETARIA DE ESTADO DE DESENVOLVIMENTO ECONOMICO;;01395/2020;005/2020;Contratacao de empresa especializada na prestacao de servicos especializados em SOLUCAO DE OUTSOURCING (impressao, copia e digitalizacao) e GERENCIAMENTO DE IMPRESSAO DEPARTAMENTAL, incluindo disponibilizacao de equipamentos novos, de primeiro uso e em li;15112.0;09238496000100;W.A. EQUIPAMENTOS E SERVICOS LTDA;2020-05-06;06/05/2020 a 22/11/2021;CELEBRADO;;ADESAO;Servios de Cpias e Impresses;39 - OUTROS SERVICOS DE TERCEIROS - PESSOA JURIDICA;transparencia_excel_20.xls;2020-05-06;2021-11-22
SECRETARIA DE ESTADO DE DESENVOLVIMENTO ECONOMICO;159649;01321/2020;016/2020;O objeto do presente instrumento refere-se a contratacao de empresa especializada no servico de publicacao de materias em jornais de circulacao diaria Estadual (MT) e nacional, para atender a demanda de publicacao dos atos normativos e nao normativos da S;6074.4;08329433000105;GIBBOR BRASIL PUBLICIDADE E PROPAGANDA EIRELI;2020-10-14;14/10/2020 a 13/10/2021;CELEBRADO;;DISPENSA DE LICITACAO;Servios de Apoio Administrativo, Tcnico e Operacional;39 - OUTROS SERVICOS DE TERCEIROS - PESSOA JURIDICA;transparencia_excel_20.xls;2020-10-14;2021-10-13
SECRETARIA DE ESTADO DE DESENVOLVIMENTO ECONOMICO;159649;01322/2020;017/2020;O objeto do presente instrumento refere-se a contratacao de empresa especializada no servico de publicacao de materias no Diario Oficial da Uniao, para atender a demanda de publicacao dos atos normativos e nao normativos da Secretaria de Estado de Desenv;4864.0;03805679000184;JOAO DIAS RAMOS EPP;2020-10-14;14/10/2020 a 13/10/2021;CELEBRADO;;DISPENSA DE LICITACAO;Mquinas e Equipamentos Em Geral;52 - EQUIPAMENTOS E MATERIAL PERMANENTE;transparencia_excel_20.xls;2020-10-14;2021-10-13
SECRETARIA DE ESTADO DE DESENVOLVIMENTO ECONOMICO;;00190/2019;001/2017/SEDEC (2 ADITIVO);1.1.	O presente Termo Aditivo tem por objeto a prorrogacao do prazo de vigencia do contrato no 001/2017/SEDEC por mais 12 (doze) meses, com fulcro no inciso II, do artigo 57, da Lei n.o 8.666, de 21/06/1993, a partir de 24/01/2019.;104948.16;02558157000162;TELEFONICA BRASIL S.A.;2021-01-22;24/01/2020 a 23/01/2022;CELEBRADO;;ADESAO;Telefonia Mvel;39 - OUTROS SERVICOS DE TERCEIROS - PESSOA JURIDICA;transparencia_excel_20.xls;2020-01-24;2022-01-23
SECRETARIA DE ESTADO DE DESENVOLVIMENTO ECONOMICO;98934;00486/2021;008/2021;Aquisicao de materiais promocionais personalizados para realizacao de 12 (doze) Circuitos Empreendedores, entre janeiro e dezembro/2021, nos municipios de: Mirassol DYOeste, Chapada dos Guimaraes, Sao Pedro da Cipa, Alta Floresta, Alto Boa Vista, Nortelan;48496.0;14034336000180;PROMO GRAFICA EDITORA e COMUNICACAO VISUAL EIRELI ME;2021-03-03;03/03/2021 a 02/03/2022;CELEBRADO;;PREGAO ELETRONICO;OUTROS SERVIOS DE TERCEIROS - PESSOA JURDICA;39 - OUTROS SERVICOS DE TERCEIROS - PESSOA JURIDICA;transparencia_excel_21.xls;2021-03-03;2022-03-02
SECRETARIA DE ESTADO DE DESENVOLVIMENTO ECONOMICO;98934;00487/2021;009/2021;Aquisicao de materiais promocionais personalizados para realizacao de 12 (doze) Circuitos Empreendedores, entre janeiro e dezembro/2021, nos municipios de: Mirassol DYOeste, Chapada dos Guimaraes, Sao Pedro da Cipa, Alta Floresta, Alto Boa Vista, Nortelan;3900.0;12309536000172;LEIDE INDUSTRIA E COMERCIO DE CONFECCOES EIRELI;2021-03-03;03/03/2021 a 02/03/2022;CELEBRADO;;PREGAO ELETRONICO;OUTROS SERVIOS DE TERCEIROS - PESSOA JURDICA;39 - OUTROS SERVICOS DE TERCEIROS - PESSOA JURIDICA;transparencia_excel_21.xls;2021-03-03;2022-03-02
SECRETARIA DE ESTADO DE DESENVOLVIMENTO ECONOMICO;98934;00488/2021;010/2021;Aquisicao de materiais promocionais personalizados para realizacao de 12 (doze) Circuitos Empreendedores, entre janeiro e dezembro/2021, nos municipios de: Mirassol DYOeste, Chapada dos Guimaraes, Sao Pedro da Cipa, Alta Floresta, Alto Boa Vista, Nortelan;10104.0;30223548000161;C&V REPRESENTACOES PROMOCIONAL E EIRELI;2021-03-03;03/03/2021 a 02/03/2022;CELEBRADO;;PREGAO ELETRONICO;OUTROS SERVIOS DE TERCEIROS - PESSOA JURDICA;39 - OUTROS SERVICOS DE TERCEIROS - PESSOA JURIDICA;transparencia_excel_21.xls;2021-03-03;2022-03-02
SECRETARIA DE ESTADO DE DESENVOLVIMENTO ECONOMICO;209707;00947/2021;019/2021;O presente Termo de Contrato tem como objeto a aquisicao de material de consumo (compressor para ar condicionado), visando atender a demanda da Secretaria de Estado de Desenvolvimento Economico - SEDEC, de acordo com os termos e as especificacoes do Termo;5383.0;32672915000130;MARCUS DOS SANTOS TEIXEIRA 02896573690;2021-06-29;29/06/2021 a 28/11/2021;CELEBRADO;;DISPENSA DE LICITACAO;Fornecimento de Materiais de Consumo;52 - EQUIPAMENTOS E MATERIAL PERMANENTE;transparencia_excel_21.xls;2021-06-29;2021-11-28
SECRETARIA DE ESTADO DE DESENVOLVIMENTO ECONOMICO;75343;00960/2021;018/2021;O presente contrato tem como objeto a aquisicao de premiacao, sendo motor de popa, para atender a premiacao da equipe 2a colocada na final do 12o Campeonato Estadual de Pesca de Mato Grosso/2015, conforme especificacoes e quantitativo constantes no Termo;8200.0;01721310000168;CASA DA LAVOURA LTDA-EPP;2021-06-14;14/06/2021 a 13/09/2021;CELEBRADO;;PREGAO ELETRONICO;Mquinas e Equipamentos Em Geral;52 - EQUIPAMENTOS E MATERIAL PERMANENTE;transparencia_excel_21.xls;2021-06-14;2021-09-13
SECRETARIA DE ESTADO DE DESENVOLVIMENTO ECONOMICO;13488;00540/2021;011/2021;O objeto do presente instrumento refere-se a contratacao de empresa especializada no Servico de Emissao de Certificados Digitais (e-CPF), no padrao ICP-Brasil, bem como o fornecimento de dispositivos criptogra cos (token via USB e Cartao inteligente), vis;43600.0;01554285000175;CERTISIGN CERTIFICADORA DIGITAL S.A;2021-03-30;30/03/2021 a 29/03/2022;CELEBRADO;;PREGAO ELETRONICO;OUTROS SERVIOS DE TERCEIROS - PESSOA JURDICA;39 - OUTROS SERVICOS DE TERCEIROS - PESSOA JURIDICA;transparencia_excel_21.xls;2021-03-30;2022-03-29
SECRETARIA DE ESTADO DE DESENVOLVIMENTO ECONOMICO;215533;00541/2021;012/2021;Contratacao de empresa especializada em prestacao de servico de manejo de pombos, limpeza, desinfeccao e retirada de ninhos, sendo 02 (duas) aplicacoes,com garantia dos servicos, de 06 (seis) meses cada, contados a partir da aplicacao;4750.65;27124408000121;MATTOS DEDETIZACAO;2021-03-30;30/03/2021 a 29/03/2022;CELEBRADO;;DISPENSA DE LICITACAO;OUTROS SERVIOS DE TERCEIROS - PESSOA JURDICA;39 - OUTROS SERVICOS DE TERCEIROS - PESSOA JURIDICA;transparencia_excel_21.xls;2021-03-30;2022-03-29
SECRETARIA DE ESTADO DE DESENVOLVIMENTO ECONOMICO;21867;00619/2021;013/2021;O objeto do presente instrumento refere-se a contratacao de empresa especializada no fornecimento de gas de cozinha e garrafao vazio para acondicionamento de agua mineral, visando atender as necessidades da Secretaria de Estado de Desenvolvimento Economic;3095.2;03401442000138;GASOLINI COMERCIO E SERVICOS - EIRELI;2021-04-26;26/04/2021 a 25/04/2022;CELEBRADO;;PREGAO ELETRONICO;Fornecimento de Materiais de Consumo;52 - EQUIPAMENTOS E MATERIAL PERMANENTE;transparencia_excel_21.xls;2021-04-26;2022-04-25
SECRETARIA DE ESTADO DE DESENVOLVIMENTO ECONOMICO;21867;00620/2021;014/2021;. O objeto do presente instrumento refere-se a contratacao de empresa especializada no fornecimento de agua mineral natural, visando atender as necessidades da Secretaria de Estado de Desenvolvimento Economico, que deriva da adesao a Ata de Registro de Pr;10925.0;34035241000198;ALVARO JOSE CAMARGO DA SILVA;2021-04-26;26/04/2021 a 25/04/2022;CELEBRADO;;PREGAO ELETRONICO;Fornecimento de Materiais de Consumo;52 - EQUIPAMENTOS E MATERIAL PERMANENTE;transparencia_excel_21.xls;2021-04-26;2022-04-25
SECRETARIA DE ESTADO DE DESENVOLVIMENTO ECONOMICO;333849;00404/2021;003/2021;CLAUSULA PRIMEIRA DO OBJETO 1.1 O presente Contrato tem por objeto, a contratacao de empresa para locacao de veiculo do tipo caminhonete para atender a Secretaria de Estado de Desenvolvimento Economico.;66000.0;73822058000194;VB COM PECAS E SERVICOS PARA VEICULOS AUTOMOTORES LTDA;2021-02-09;09/02/2021 a 08/02/2022;CELEBRADO;;PREGAO PRESENCIAL;OUTROS SERVIOS DE TERCEIROS - PESSOA JURDICA;39 - OUTROS SERVICOS DE TERCEIROS - PESSOA JURIDICA;transparencia_excel_21.xls;2021-02-09;2022-02-08
SECRETARIA DE ESTADO DE DESENVOLVIMENTO ECONOMICO;194297;00401/2021;005/2021;1.1.	Contratacao de empresa, sob demanda, para prestacao de servicos de manutencao predial preventiva (visita periodica) e corretiva (eventuais), com fornecimento de pecas, equipamentos, materiais e mao de obra;450000.0;26574991000100;R. GONCALVES DE CARVALHO EIRELI;2021-02-10;10/02/2021 a 09/02/2022;CELEBRADO;;PREGAO ELETRONICO;Manuteno de Imveis;39 - OUTROS SERVICOS DE TERCEIROS - PESSOA JURIDICA;transparencia_excel_21.xls;2021-02-10;2022-02-09
SECRETARIA DE ESTADO DE DESENVOLVIMENTO ECONOMICO;35058;01724/2021;032/2021;"O presente termo de contrato tem como objeto a contratacao de empresa especializada em montagem de estande tipo intermediario ( confort); estande virtual e sala de capacitacao para treinamento, promocao e divulgacao do Estado de Mato Grosso na 48o ABAV Ex";59470.0;27287283000150;Associacao Brasileira de Agencias de Viagem;2021-10-06;06/10/2021 a 05/10/2022;CELEBRADO;;INEXIGIBILIDADE;SERVIOS TERCEIRIZADOS;39 - OUTROS SERVICOS DE TERCEIROS - PESSOA JURIDICA;transparencia_excel_21.xls;2021-10-06;2022-10-05
SECRETARIA DE ESTADO DE DESENVOLVIMENTO ECONOMICO;131123;01824/2021;033/2021;O presente Termo de Contrato tem como objeto a contratacao de empresa especializada em servicos de levantamento, compilacao e entrega de dados e informacoes e elaboracao de Mapeamento Cadastral e Multifinalitario de todos os lotes do Distrito Industrial d;71000.0;22219276000106;J.L TOPOGRAFIA LTDA;2021-10-13;13/10/2021 a 12/10/2022;CELEBRADO;;PREGAO ELETRONICO;Servios Tcnicos Profissionais;39 - OUTROS SERVICOS DE TERCEIROS - PESSOA JURIDICA;transparencia_excel_21.xls;2021-10-13;2022-10-12
SECRETARIA DE ESTADO DE DESENVOLVIMENTO ECONOMICO;297371;01392/2020;020/2020;CLAUSULA PRIMEIRA - DO OBJETO: 1.1 O objeto do presente instrumento refere-se a contratacao de empresa especializada na prestacao de servicos de agenciamento e fornecimento de passagens aereas nacionais e internacionais por meio de ferramenta on-line de a;250000.0;36932853000109;ARARAUNA TURISMO ECOLOGICO LTDA - EPP;2020-11-06;07/11/2021 a 06/11/2022;CELEBRADO;;PREGAO ELETRONICO;Passagens Areas;39 - OUTROS SERVICOS DE TERCEIROS - PESSOA JURIDICA;transparencia_excel_21.xls;2021-11-07;2022-11-06
SECRETARIA DE ESTADO DE DESENVOLVIMENTO ECONOMICO;146896;00969/2021;020/2021;O objeto do presente instrumento refere-se a contratacao de empresa especializada em fornecimento de generos alimenticios, sendo Acucar e Cha Mate, em atendimento a demanda da Secretaria de Estado de Desenvolvimento Economico, que deriva da adesao a Ata d;4667.0;33823751000167;DISBRANCO COMERCIO E DISTRIBUICAO DE ALIMENTOS LTDA;2021-07-02;02/07/2021 a 01/01/2022;CELEBRADO;;PREGAO ELETRONICO;Fornecimento de Materiais de Consumo;52 - EQUIPAMENTOS E MATERIAL PERMANENTE;transparencia_excel_21.xls;2021-07-02;2022-01-01
SECRETARIA DE ESTADO DE DESENVOLVIMENTO ECONOMICO;226851;01374/2021;030/2021;. Contratacao de empresa especializada no ramo de eventos especificos para locacao de espaco, montagem, desmontagem, mobiliarios em geral e comunicacao visual de Estande Institucional contendo 48m2 de area, para participacao do Governo do Estado de Mato G;164674.88;04433214000102;DAINA LIMA DE ALMEIDA;2021-09-14;14/09/2021 a 12/12/2021;CELEBRADO;;PREGAO ELETRONICO;Locao de Imveis;Locacao de Bens;transparencia_excel_21.xls;2021-09-14;2021-12-12
SECRETARIA DE ESTADO DE DESENVOLVIMENTO ECONOMICO;303441;01572/2020;021/2020;Contratacao de empresa especializada na prestacao de servicos de agenciamento junto as instituicoes de ensino, de estudantes dos ensinos superiores, para preenchimento de bolsas para estagio em pos graduacao (lato e stricto sensu), para atender a Secretar;10193.5;11320576000152;SUPER ESTAGIOS LTDA ME;2021-10-21;03/12/2021 a 02/12/2022;CELEBRADO;;PREGAO ELETRONICO;Estagirios;39 - OUTROS SERVICOS DE TERCEIROS - PESSOA JURIDICA;transparencia_excel_21.xls;2021-12-03;2022-12-02
SECRETARIA DE ESTADO DE DESENVOLVIMENTO ECONOMICO;49956;01263/2021;026/2021;CLAUSULA PRIMEIRA DO OBJETO 1.1.O presente contrato tem como objeto a aquisicao de estantes de aco, a fim de atender demanda da Secretaria de Estado de Desenvolvimento Economico. 1.2 Vinculam-se ao presente Contrato, independentemente de transcricao, o;10544.4;04194679000158;CIDADE VERDE MOVEIS E EQUIPAMENTOS EIRELI;2021-08-01;01/08/2021 a 01/03/2022;CELEBRADO;;PREGAO ELETRONICO;Fornecimento de Materiais de Consumo;52 - EQUIPAMENTOS E MATERIAL PERMANENTE;transparencia_excel_21.xls;2021-08-01;2022-03-01
SECRETARIA DE ESTADO DE DESENVOLVIMENTO ECONOMICO;63318;01225/2021;025/2021;Aquisicao de carroceria nova para caminhao, tipo bau, carga fechada, via dispensa de licitacao (art.24, V, Lei 8.666/93).;42000.0;03509978002204;Facchini S.A.;2021-08-05;05/08/2021 a 04/08/2022;CELEBRADO;;DISPENSA DE LICITACAO;Mquinas e Equipamentos Em Geral;52 - EQUIPAMENTOS E MATERIAL PERMANENTE;transparencia_excel_21.xls;2021-08-05;2022-08-04
SECRETARIA DE ESTADO DE DESENVOLVIMENTO ECONOMICO;112273;01082/2021;022/2021;O objeto do presente instrumento refere-se a contratacao de empresa especializada para o fornecimento de copos descartaveis, em atendimento a demanda da Secretaria de Estado de Desenvolvimento Economico, que deriva de Dispensa de Licitacao, artigo 24, inc;10939.2;34837660000143;MUNDIAL PRESTADORA DE SERVICOS DE LIMPEZA EIRELI;2021-07-21;21/07/2021 a 20/07/2022;CELEBRADO;;DISPENSA DE LICITACAO;Fornecimento de Materiais de Consumo;52 - EQUIPAMENTOS E MATERIAL PERMANENTE;transparencia_excel_21.xls;2021-07-21;2022-07-20
SECRETARIA DE ESTADO DE DESENVOLVIMENTO ECONOMICO;112273;01083/2021;023/2021;O objeto do presente instrumento refere-se a contratacao de empresa especializada para o fornecimento de copos descartaveis com capacidade de 50ml, em atendimento a demanda da Secretaria de Estado de Desenvolvimento Economico, que deriva de Dispensa de Li;1651.0;13498158000185;JV SERVICO E COMERCIO PAPELARIA LTDA;2021-07-21;21/07/2021 a 20/07/2022;CELEBRADO;;DISPENSA DE LICITACAO;Fornecimento de Materiais de Consumo;52 - EQUIPAMENTOS E MATERIAL PERMANENTE;transparencia_excel_21.xls;2021-07-21;2022-07-20
SECRETARIA DE ESTADO DE DESENVOLVIMENTO ECONOMICO;172186;01081/2021;024/2021;1.1	O objeto do presente instrumento refere-se a contratacao de empresa especializada no fornecimento de genero alimenticio, sendo cafe em po torrado e moido, para atender a Secretaria de Estado de Desenvolvimento Economico.;8100.0;08117493000156;RIKA COMERCIO DE ALIMENTOS-EIRELI;2022-03-03;13/07/2021 a 12/07/2022;CELEBRADO;;DISPENSA DE LICITACAO;Armamentos;52 - EQUIPAMENTOS E MATERIAL PERMANENTE;transparencia_excel_21.xls;2021-07-13;2022-07-12
SECRETARIA DE ESTADO DE DESENVOLVIMENTO ECONOMICO;391745/2021;00029/2022;042/2021;O objeto do presente instrumento refere-se a contratacao de empresa especializada em prestacao de servicos continuos de terceirizacao de mao-de-obra de Oficial de Servicos Gerais para atender a demanda da Secretaria de Estado de Desenvolvimento Economico,;70035.36;02531343000108;ADSERVI ADMINISTRADORA DE SERVICOS LTDA;;30/12/2021 a 30/12/2022;CANCELADO;Secretaria de Estado de Desenvolvimento Economico - SEDEC;PREGAO ELETRONICO;SERVIOS TERCEIRIZADOS;39 - OUTROS SERVICOS DE TERCEIROS - PESSOA JURIDICA;transparencia_excel_21.xls;2021-12-30;2022-12-30
SECRETARIA DE ESTADO DE DESENVOLVIMENTO ECONOMICO;459047/2020;00013/2022;037/2021/SEDEC;O presente Contrato tem como objeto a aquisicao de equipamentos de informatica, com garantia tecnica on-site, para atender a demanda da Secretaria de Estado de Desenvolvimento Economico - SEDEC.;23900.0;36190664000108;JC COMERCIO DE TECNOLOGIA EIRELI-ME;2021-11-19;19/11/2021 a 18/11/2022;CELEBRADO;Secretaria de Estado de Desenvolvimento Economico - SEDEC;PREGAO ELETRONICO;Mquinas e Equipamentos Em Geral;52 - EQUIPAMENTOS E MATERIAL PERMANENTE;transparencia_excel_21.xls;2021-11-19;2022-11-18
SECRETARIA DE ESTADO DE DESENVOLVIMENTO ECONOMICO;;00167/2020;018/2018/SEDEC;CONTRATACAO DE EMPRESA ESPECIALIZADA NA PRESTACAO DE SERVICOS CONTINUADOS DE GERENCIAMENTO E CONTROLE DE FORNECIMENTO DE COMBUSTIVEL.;124538.0;05340639000130;PRIME CONSULTORIA E ASSESSORIA EMPRESARIAL LTDA;2021-11-22;07/12/2021 a 05/12/2022;CELEBRADO;;PREGAO ELETRONICO;Terceirizaes;39 - OUTROS SERVICOS DE TERCEIROS - PESSOA JURIDICA;transparencia_excel_21.xls;2021-12-07;2022-12-05
SECRETARIA DE ESTADO DE DESENVOLVIMENTO ECONOMICO;451091/2021;01891/2021;039/2021/SEDEC;O objeto do presente instrumento refere-se a contratacao de empresa especializada na prestacao dos servicos de Desinsetizacao/Dedetizacao, Descupinizacao e Desratizacao com fornecimento de mao de obra, todos os materiais, equipamentos e ferramentas necess;1210.0;13255330000170;WELTON LUIZ FERNANDES;2021-12-06;03/12/2021 a 02/12/2022;CELEBRADO;Secretaria de Estado de Desenvolvimento Economico - SEDEC;PREGAO ELETRONICO;Servio de Dedetizao/Desinsetizao;39 - OUTROS SERVICOS DE TERCEIROS - PESSOA JURIDICA;transparencia_excel_21.xls;2021-12-03;2022-12-02
SECRETARIA DE ESTADO DE DESENVOLVIMENTO ECONOMICO;40544;00767/2021;015/2021;O objeto do presente instrumento refere-se a contratacao de empresa especializada em servicos de Publicacao de Materias em Jornais de Grande Circulacao Diaria Estadual (Mato Grosso), para atender a demanda de publicacao dos atos normativos e nao normativo;3562.0;10676614000141;K3 COMERCIO VAREJISTA DE JORNAIS, REVISTAS E OUTRAS PUBLICACOES LTDA ME;2021-05-13;13/05/2021 a 12/05/2022;CELEBRADO;;PREGAO ELETRONICO;Servio de Publicao de Matria em Jornal;39 - OUTROS SERVICOS DE TERCEIROS - PESSOA JURIDICA;transparencia_excel_21.xls;2021-05-13;2022-05-12
SECRETARIA DE ESTADO DE DESENVOLVIMENTO ECONOMICO;391745/2021;00035/2022;042/2021;O objeto do presente instrumento refere-se a contratacao de empresa especializada em prestacao de servicos continuos de terceirizacao de mao-de-obra de Oficial de Servicos Gerais para atender a demanda da Secretaria de Estado de Desenvolvimento Economico,;70035.36;02531343000108;ADSERVI ADMINISTRADORA DE SERVICOS LTDA;2021-12-30;30/12/2021 a 29/12/2022;CELEBRADO;Secretaria de Estado de Desenvolvimento Economico - SEDEC;PREGAO ELETRONICO;SERVIOS TERCEIRIZADOS;39 - OUTROS SERVICOS DE TERCEIROS - PESSOA JURIDICA;transparencia_excel_21.xls;2021-12-30;2022-12-29
SECRETARIA DE ESTADO DE DESENVOLVIMENTO ECONOMICO;21867;01121/2021;014/2021;. O objeto do presente instrumento refere-se a contratacao de empresa especializada no fornecimento de agua mineral natural, visando atender as necessidades da Secretaria de Estado de Desenvolvimento Economico, que deriva da adesao a Ata de Registro de Pr;10925.0;13332212000118;FINISSIMA DISTRIBUIDORA DE AGUA LTDA ME;2021-04-26;26/04/2021 a 25/04/2022;CELEBRADO;;PREGAO ELETRONICO;Fornecimento de Materiais de Consumo;52 - EQUIPAMENTOS E MATERIAL PERMANENTE;transparencia_excel_21.xls;2021-04-26;2022-04-25
SECRETARIA DE ESTADO DE DESENVOLVIMENTO ECONOMICO;362422;01250/2018;011/2017/SEDEC (1 ADITIVO);1. CLAUSULA PRIMEIRA - DO OBJETO 1.1. O Presente Termo Aditivo tem por objeto alterar o Contrato 011/2017/SEDEC, nas Clausulas Terceira Do Prazo de Locacao, Sexta Do Preco, Local de Pagamento e Encargos e Decima Oitava Da Vigencia. 2. CLAUSULA SEGU;42036.0;18460001000184;G.DI GRECCO DA COSTA MARQUES & CIA LTDA-ME;2022-10-04;06/10/2021 a 05/10/2023;CELEBRADO;;DISPENSA DE LICITACAO;Locao de Imveis;Locacao de Bens;transparencia_excel_21.xls;2021-10-06;2023-10-05
SECRETARIA DE ESTADO DE DESENVOLVIMENTO ECONOMICO;478386/2021;01075/2023;036/2021/SEDEC;O objeto do presente instrumento refere-se a contratacao de empresa especializada no servico de Publicacao de materias no Diario Oficial da Uniao (D.O.U), publicacao diaria, para atender a demanda de publicacao dos atos normativos e nao normativos da Secr;5070.0;08329433000105;GIBBOR BRASIL PUBLICIDADE E PROPAGANDA EIRELI;2021-11-05;05/11/2021 a 04/11/2022;CELEBRADO;Av. Presidente Getulio Vargas, n 1077 bairro: Goiabeiras - Cuiaba MT;DISPENSA DE LICITACAO;Servio de Publicao de Matria em Jornal;39 - OUTROS SERVICOS DE TERCEIROS - PESSOA JURIDICA;transparencia_excel_21.xls;2021-11-05;2022-11-04
SECRETARIA DE ESTADO DE DESENVOLVIMENTO ECONOMICO;363366;01356/2021;028/2021;O objeto do presente instrumento refere-se a contratacao de pessoa juridica especializada na prestacao de Servicos de Locacao de Veiculos Administrativos, categorias diversas (sem motorista e sem combustivel), com quilometragem livre, para atender a Secre;82680.0;27595780000116;CS BRASIL FROTAS LTDA;2022-08-29;08/09/2021 a 08/09/2023;CELEBRADO;;PREGAO ELETRONICO;Locao de Veculos;Locacao de Bens;transparencia_excel_21.xls;2021-09-08;2023-09-08
SECRETARIA DE ESTADO DE DESENVOLVIMENTO ECONOMICO;391745/2021;00014/2022;041/2021/SEDEC;O objeto do presente instrumento refere-se a contratacao de empresa especializada em prestacao de servicos continuos de terceirizacao de mao-de-obra de Auxiliar de Administracao, para atender a demanda da Secretaria de Estado de Desenvolvimento Economico,;219096.6;03627226000105;"DSS SERVICOS DE TECNOLOGIA DA INFORMACAO LTDA ""EM RECUPERACAO JUDICIAL""";2022-11-07;22/12/2021 a 22/12/2023;CELEBRADO;Secretaria de Estado de Desenvolvimento Economico - SEDEC;PREGAO ELETRONICO;Servios de Apoio Administrativo, Tcnico e Operacional;39 - OUTROS SERVICOS DE TERCEIROS - PESSOA JURIDICA;transparencia_excel_21.xls;2021-12-22;2023-12-22
SECRETARIA DE ESTADO DE DESENVOLVIMENTO ECONOMICO;168412;00918/2021;017/2021;O objeto do presente instrumento refere-se a contratacao de pessoa juridica especializada na prestacao de Servicos de Locacao de Veiculos Administrativos, categorias diversas (sem motorista e sem combustivel), com quilometragem livre, para atender a Secre;237000.0;27595780000116;CS BRASIL FROTAS LTDA;2022-06-09;22/06/2021 a 22/06/2023;CELEBRADO;;PREGAO ELETRONICO;SERVIOS TERCEIRIZADOS;39 - OUTROS SERVICOS DE TERCEIROS - PESSOA JURIDICA;transparencia_excel_21.xls;2021-06-22;2023-06-22
SECRETARIA DE ESTADO DE DESENVOLVIMENTO ECONOMICO;391745/2021;02025/2023;042/2021/SEDEC;O objeto do presente instrumento refere-se a contratacao de empresa especializada em prestacao de servicos continuos de terceirizacao de mao-de-obra de Oficial de Servicos Gerais para atender a demanda da Secretaria de Estado de Desenvolvimento Economico,;77409.48;02531343000108;ADSERVI ADMINISTRADORA DE SERVICOS LTDA;2021-12-30;30/12/2021 a 30/12/2023;CELEBRADO;Av. Presidente Getulio Vargas, n 1077 bairro: Goiabeiras - Cuiaba MT;PREGAO ELETRONICO;SERVIOS DE LIMPEZA;37 - LOCACAO DE MAO-DE-OBRA;transparencia_excel_21.xls;2021-12-30;2023-12-30
SECRETARIA DE ESTADO DE DESENVOLVIMENTO ECONOMICO;314390/2020;01805/2021;038/2021/SEDEC;O presente instrumento tem por objeto a contratacao de produtos e servicos por meio de Pacote de Servicos dos CORREIOS mediante adesao ao Termo de Condicoes Comerciais e Anexos, quando contratados servicos especificos, que permite a compra de produtos e u;60000.0;34028316001690;ECT- Empresa Publica, Constituida nos Termos do Decreto-Lei no 509, de 20 de Marco de 1969.;2021-11-09;09/11/2021 a 09/11/2026;CELEBRADO;Secretaria de Estado de Desenvolvimento Economico - SEDEC;DISPENSA DE LICITACAO;Encomendas e Corresp.;39 - OUTROS SERVICOS DE TERCEIROS - PESSOA JURIDICA;transparencia_excel_21.xls;2021-11-09;2026-11-09
SECRETARIA DE ESTADO DE DESENVOLVIMENTO ECONOMICO;116367/2021/SEDEC;01266/2024;034/2021/SEDEC;1.1.	O presente contrato tem como objeto a contratacao de licenca de uso de software de ferramenta de pesquisa de precos publicos para licitacoes e renovacao de contratos, mediante assinatura anual para atender a Secretaria de Estado de Desenvolvimento Ec;9875.0;07797967000195;NP TECNOLOGIA E GESTAO DE DADOS LTDA;2021-10-19;19/10/2021 a 19/10/2022;CELEBRADO;Av. Presidente Getulio Vargas, n 1077 bairro: Goiabeiras - Cuiaba MT;INEXIGIBILIDADE;OUTROS SERVIOS DE TERCEIROS - PESSOA JURDICA;39 - OUTROS SERVICOS DE TERCEIROS - PESSOA JURIDICA;transparencia_excel_21.xls;2021-10-19;2022-10-19
SECRETARIA DE ESTADO DE DESENVOLVIMENTO ECONOMICO;;00399/2022;004/2022/SEDEC;O objeto do presente instrumento refere-se a contratacao de empresa especializada na Confeccao de Carimbos para atender aos Orgaos/Entidades do Poder Executivo Estadual, que deriva da adesao a Ata de Registro de Precos no 007/2021/SEPLAG, decorrente do Pr;2580.0;03750414000126;GRAFICA DO PRETO LTDA- ME;2022-03-08;08/03/2022 a 07/03/2023;CELEBRADO;Secretaria de Estado de Desenvolvimento Economico - SEDEC;PREGAO ELETRONICO;Fornecimento de Materiais de Consumo;52 - EQUIPAMENTOS E MATERIAL PERMANENTE;transparencia_excel_22.xls;2022-03-08;2023-03-07
SECRETARIA DE ESTADO DE DESENVOLVIMENTO ECONOMICO;;00404/2022;002/2022/SEDEC;O presente contrato tem por objeto a Prestacao de servicos de informatica (Servicos de Telefonia Movel Pessoal STMP), para atender as necessidades do Orgao Requisitante, no prazo e nas condicoes a seguir ajustadas, decorrentes do Pregao Eletronico, com;101984.4;02558157000162;TELEFONICA BRASIL S.A.;2022-03-02;02/03/2022 a 01/09/2024;CELEBRADO;Secretaria de Estado de Desenvolvimento Economico - SEDEC;PREGAO ELETRONICO;Telefonia Mvel;39 - OUTROS SERVICOS DE TERCEIROS - PESSOA JURIDICA;transparencia_excel_22.xls;2022-03-02;2024-09-01
SECRETARIA DE ESTADO DE DESENVOLVIMENTO ECONOMICO;;00390/2022;001/2022;O objeto do presente instrumento refere-se a contratacao de empresa especializada no fornecimento de gas de cozinha, visando atender as necessidades da Secretaria de Estado de Desenvolvimento Economico, que deriva da adesao a Ata de Registro de Precos no;6539.4;03401442000138;GASOLINI COMERCIO E SERVICOS - EIRELI;2022-03-02;02/03/2022 a 01/03/2023;CELEBRADO;Secretaria de Estado de Desenvolvimento Economico - SEDEC;PREGAO ELETRONICO;Fornecimento de Materiais de Consumo;52 - EQUIPAMENTOS E MATERIAL PERMANENTE;transparencia_excel_22.xls;2022-03-02;2023-03-01
SECRETARIA DE ESTADO DE DESENVOLVIMENTO ECONOMICO;66616/2021/SEDEC;00400/2022;005/2022/SEDEC;O presente CONTRATO tem por objeto a contratacao de servicos especializados a fim de elaboracao do Balanco Energetico do Estado de Mato Grosso - 2021, ano base 2020, 2019 e 2018, reunindo dados que demonstrem o consumo de energia por energeticos e por set;343109.76;33004540000100;FUNDACAO UNIVERSIDADE FEDERAL DE MATO GROSSO - UFMT;2022-03-08;08/03/2022 a 07/03/2023;CELEBRADO;Secretaria de Estado de Desenvolvimento Economico - SEDEC;DISPENSA DE LICITACAO;Servios Tcnicos Profissionais;39 - OUTROS SERVICOS DE TERCEIROS - PESSOA JURIDICA;transparencia_excel_22.xls;2022-03-08;2023-03-07
SECRETARIA DE ESTADO DE DESENVOLVIMENTO ECONOMICO;;00398/2022;003/2022/SEDEC;1.1.	O objeto do presente instrumento refere-se a contratacao de empresa especializada na Confeccao de Carimbos para atender aos Orgaos/Entidades do Poder Executivo Estadual, que deriva da adesao a Ata de Registro de Precos no 007/2021/SEPLAG, decorrente;5888.4;30635573000152;MARIA LUIZA P DE MATOS;2022-03-08;08/03/2022 a 07/03/2023;CELEBRADO;Secretaria de Estado de Desenvolvimento Economico - SEDEC;PREGAO ELETRONICO;Fornecimento de Materiais de Consumo;52 - EQUIPAMENTOS E MATERIAL PERMANENTE;transparencia_excel_22.xls;2022-03-08;2023-03-07
SECRETARIA DE ESTADO DE DESENVOLVIMENTO ECONOMICO;;00562/2022;014/2022/SEDEC;O objeto do presente instrumento e a aquisicao de Pa Carregadeira, de acordo com as especificacoes do Termo de Referencia e deste contrato, visando atender as demandas do Governo do Estado de Mato Grosso atraves da Secretaria de Estado de Desenvolvimento;1516000.0;13552152000149;EDUARDO DE ALMEIDA EIRELI;2022-04-28;28/04/2022 a 27/04/2023;CELEBRADO;Secretaria de Estado de Desenvolvimento Economico - SEDEC;PREGAO ELETRONICO;Material Permanente;52 - EQUIPAMENTOS E MATERIAL PERMANENTE;transparencia_excel_22.xls;2022-04-28;2023-04-27
SECRETARIA DE ESTADO DE DESENVOLVIMENTO ECONOMICO;;00565/2022;015/2022/SEDEC;O objeto do presente instrumento e a aquisicao de Caminhoes Truck e Caminhoes Pipa, de acordo com as especificacoes do Termo de Referencia e deste contrato, visando atender as demandas do Governo do Estado de Mato Grosso atraves da Secretaria de Estado de;7224000.0;07811058000164;M.DIESEL CAMINHOES E ONIBUS LTDA.;2022-04-28;28/04/2022 a 27/04/2023;CELEBRADO;Secretaria de Estado de Desenvolvimento Economico - SEDEC;PREGAO ELETRONICO;Material Permanente;52 - EQUIPAMENTOS E MATERIAL PERMANENTE;transparencia_excel_22.xls;2022-04-28;2023-04-27
SECRETARIA DE ESTADO DE DESENVOLVIMENTO ECONOMICO;445906/2021/SEDEC;00571/2022;016/2022/SEDEC;O objeto do presente instrumento e a aquisicao de Caminhoes Truck, de acordo com as especificacoes do Termo de Referencia e deste contrato, visando atender as demandas do Governo do Estado de Mato Grosso atraves da Secretaria de Estado de Desenvolvimento;3534000.0;07811058000164;M.DIESEL CAMINHOES E ONIBUS LTDA.;2022-05-02;02/05/2022 a 01/05/2023;CELEBRADO;Secretaria de Estado de Desenvolvimento Economico - SEDEC;PREGAO ELETRONICO;Material Permanente;52 - EQUIPAMENTOS E MATERIAL PERMANENTE;transparencia_excel_22.xls;2022-05-02;2023-05-01
SECRETARIA DE ESTADO DE DESENVOLVIMENTO ECONOMICO;;00572/2022;017/2022/SEDEC;O objeto do presente instrumento e a aquisicao de Escavadeira hidraulica, de acordo com as especificacoes do Termo de Referencia deste Contrato, visando atender as demandas do Governo do Estado de Mato Grosso atraves da Secretaria de Desenvolvimento Econo;1337914.16;13160566000122;COPEMAQUINAS COMERCIO DE PECAS E REPRESENTACOES LTDA;2022-05-02;02/05/2022 a 01/05/2023;CELEBRADO;Secretaria de Estado de Desenvolvimento Economico - SEDEC;PREGAO ELETRONICO;Material Permanente;52 - EQUIPAMENTOS E MATERIAL PERMANENTE;transparencia_excel_22.xls;2022-05-02;2023-05-01
SECRETARIA DE ESTADO DE DESENVOLVIMENTO ECONOMICO;SEDEC-PRO-2022/00252;01069/2022;026/2022/SEDEC;Constitui o objeto do presente contrato a contratacao de empresa especializada para o fornecimento de Servidor de Rack e sistema de armazenamento com servicos de instalacao, configuracao, garantia on-site padrao e assistencia tecnica.;159621.32;15549061000180;PRINT SOLUCAO EM TECNOLOGIA LTDA;;14/07/2022 a 14/01/2023;CANCELADO;Secretaria de Estado de Desenvolvimento Economico - SEDEC;PREGAO ELETRONICO;Equipamentos de Process. Dados;52 - EQUIPAMENTOS E MATERIAL PERMANENTE;transparencia_excel_22.xls;2022-07-14;2023-01-14
SECRETARIA DE ESTADO DE DESENVOLVIMENTO ECONOMICO;SEDEC-PRO-2022/00252;01070/2022;026/2022/SEDEC;Constitui o objeto do presente contrato a contratacao de empresa especializada para o fornecimento de Servidor de Rack e sistema de armazenamento com servicos de instalacao, configuracao, garantia on-site padrao e assistencia tecnica.;159621.32;15549061000180;PRINT SOLUCAO EM TECNOLOGIA LTDA;2022-07-14;14/07/2022 a 14/01/2023;CELEBRADO;Secretaria de Estado de Desenvolvimento Economico - SEDEC;PREGAO ELETRONICO;Equipamentos de Process. Dados;52 - EQUIPAMENTOS E MATERIAL PERMANENTE;transparencia_excel_22.xls;2022-07-14;2023-01-14
SECRETARIA DE ESTADO DE DESENVOLVIMENTO ECONOMICO;;01072/2022;028/2022/SEDEC;1.1	O objeto do presente instrumento refere-se a contratacao de empresa especializada na prestacao de servicos de apoio logistico e fornecimento de materiais para eventos, atos e solenidades, para atender a Secretaria de Estado de Desenvolvimento Economic;47178.35;07655369000181;OPCAO LOCACAO E COMERCIO DE SOM E LUZ LTDA EPP;2022-07-11;11/07/2022 a 10/07/2023;CELEBRADO;Secretaria de Estado de Desenvolvimento Economico - SEDEC;PREGAO ELETRONICO;Servios de Apoio Administrativo, Tcnico e Operacional;39 - OUTROS SERVICOS DE TERCEIROS - PESSOA JURIDICA;transparencia_excel_22.xls;2022-07-11;2023-07-10
SECRETARIA DE ESTADO DE DESENVOLVIMENTO ECONOMICO;;01105/2022;027/2022/SEDEC;1.1	O objeto do presente instrumento refere-se a contratacao de empresa especializada na prestacao de servicos de apoio logistico e fornecimento de materiais para eventos, atos e solenidades, para atender a Secretaria de Estado de Desenvolvimento Economic;57582.12;11729180000163;INFORTOUCH - AGENCIA DE COMUNICACAO, EVENTOS E PRODUTOS ALIMENTICIOS EIRELE EPP;2022-07-18;18/07/2022 a 17/07/2023;CELEBRADO;Secretaria de Estado de Desenvolvimento Economico - SEDEC;PREGAO ELETRONICO;Eventos;39 - OUTROS SERVICOS DE TERCEIROS - PESSOA JURIDICA;transparencia_excel_22.xls;2022-07-18;2023-07-17
SECRETARIA DE ESTADO DE DESENVOLVIMENTO ECONOMICO;SEDEC-PRO-2022/00058;01108/2022;021/2022;O objeto do contrato e a prestacao de servicos, pela CONTRATADA, de publicacao no Diario Oficial da Uniao, de atos oficiais e demais materias de interesse do CONTRATANTE, conforme estabelecido no Decreto no 9.215, de 29 de novembro de 2017, publicado no D;124544.0;04196645000100;IMPRENSA NACIONAL;2022-06-27;27/06/2022 a 25/06/2024;CELEBRADO;Secretaria de Estado de Desenvolvimento Economico - SEDEC;INEXIGIBILIDADE;Servio de Publicao de Matria em Jornal;39 - OUTROS SERVICOS DE TERCEIROS - PESSOA JURIDICA;transparencia_excel_22.xls;2022-06-27;2024-06-25
SECRETARIA DE ESTADO DE DESENVOLVIMENTO ECONOMICO;445906/2021/SEDEC;01109/2022;031/2022/SEDEC;O objeto do presente instrumento e aquisicao de Caminhao 277 cv, 6x4 com cacamba basculante de 12 m3, de acordo com as especificacoes do Termo de Referencia (anexo I), visando atender as demandas do Governo do Estado de Mato Grosso atraves da SEDEC Secr;2356000.0;07811058000164;M.DIESEL CAMINHOES E ONIBUS LTDA.;2022-07-19;19/07/2022 a 18/07/2023;CELEBRADO;Secretaria de Estado de Desenvolvimento Economico - SEDEC;PREGAO ELETRONICO;Material Permanente;52 - EQUIPAMENTOS E MATERIAL PERMANENTE;transparencia_excel_22.xls;2022-07-19;2023-07-18
SECRETARIA DE ESTADO DE DESENVOLVIMENTO ECONOMICO;;00574/2022;018/2022/SEDEC;O objeto do presente instrumento e a aquisicao de Pa carregadeira de rodas, de acordo com as especificacoes do Termo de Referencia e deste Contrato, visando atender as demandas do Governo do Estado de Mato Grosso atraves da Secretaria de Estado de Desenvo;379000.0;13552152000149;EDUARDO DE ALMEIDA EIRELI;2022-05-02;02/05/2022 a 01/05/2023;CELEBRADO;Secretaria de Estado de Desenvolvimento Economico - SEDEC;PREGAO ELETRONICO;Material Permanente;52 - EQUIPAMENTOS E MATERIAL PERMANENTE;transparencia_excel_22.xls;2022-05-02;2023-05-01
SECRETARIA DE ESTADO DE DESENVOLVIMENTO ECONOMICO;;00468/2022;006/2022;O objeto do presente instrumento e a aquisicao de Caminhoes Truck e Caminhoes Pipa, de acordo com as especificacoes do Termo de Referencia e deste contrato, visando atender as demandas do Governo do Estado de Mato Grosso atraves da Secretaria de Estado de;9476000.0;07811058000164;M.DIESEL CAMINHOES E ONIBUS LTDA.;2022-04-01;01/04/2022 a 31/03/2023;CELEBRADO;Secretaria de Estado de Desenvolvimento Economico - SEDEC;PREGAO ELETRONICO;Veculos;52 - EQUIPAMENTOS E MATERIAL PERMANENTE;transparencia_excel_22.xls;2022-04-01;2023-03-31
SECRETARIA DE ESTADO DE DESENVOLVIMENTO ECONOMICO;;00469/2022;007/2022;O objeto do presente instrumento e aquisicao de Escavadeira hidraulica e Motoniveladora, de acordo com as especificacoes do Termo de Referencia deste Contrato e deste Contrato, visando atender as demandas do Governo do Estado de Mato Grosso atraves da Sec;4910985.61;13160566000122;COPEMAQUINAS COMERCIO DE PECAS E REPRESENTACOES LTDA;2022-03-31;31/03/2022 a 30/03/2023;CELEBRADO;Secretaria de Estado de Desenvolvimento Economico - SEDEC;PREGAO ELETRONICO;Material Permanente;52 - EQUIPAMENTOS E MATERIAL PERMANENTE;transparencia_excel_22.xls;2022-03-31;2023-03-30
SECRETARIA DE ESTADO DE DESENVOLVIMENTO ECONOMICO;;00471/2022;008/2022/SEDEC;O objeto do presente instrumento e a aquisicao de Pa Carregadeira, de acordo com as especificacoes do Termo de Referencia e deste contrato, visando atender as demandas do Governo do Estado de Mato Grosso atraves da Secretaria de Estado de Desenvolvimento;1516000.0;13552152000149;EDUARDO DE ALMEIDA EIRELI;2022-03-31;31/03/2022 a 30/03/2023;CELEBRADO;Secretaria de Estado de Desenvolvimento Economico - SEDEC;PREGAO ELETRONICO;Material Permanente;52 - EQUIPAMENTOS E MATERIAL PERMANENTE;transparencia_excel_22.xls;2022-03-31;2023-03-30
SECRETARIA DE ESTADO DE DESENVOLVIMENTO ECONOMICO;;00996/2022;024/2022/SEDEC;O Contrato tem por objeto a aquisicao de equipamentos de informatica (microcomputadores e notebooks), compreendendo o fornecimento de equipamentos e licencas de software, destinadas a atender as necessidades da Secretaria de Estado de Desenvolvimento Econ;946756.0;19707627000105;DATA MANAGER PRESTADORA DE SERVICOS DE INFORMATICA LTDA ME;2022-07-01;01/07/2022 a 30/06/2023;CELEBRADO;Secretaria de Estado de Desenvolvimento Economico - SEDEC;PREGAO ELETRONICO;Equipamentos de Process. Dados;52 - EQUIPAMENTOS E MATERIAL PERMANENTE;transparencia_excel_22.xls;2022-07-01;2023-06-30
SECRETARIA DE ESTADO DE DESENVOLVIMENTO ECONOMICO;;01001/2022;025/2022/SEDEC;O presente contrato tem por objeto a contratacao de empresa para agenciamento de viagens, compreendendo os servicos de reserva, emissao, remarcacao, cancelamento e reembolso de passagens aereas nacionais e internacionais para atender a demanda da Secretar;800004.0;36932853000109;ARARAUNA TURISMO ECOLOGICO LTDA - EPP;2022-07-01;01/07/2022 a 30/06/2023;CELEBRADO;Secretaria de Estado de Desenvolvimento Economico - SEDEC;PREGAO ELETRONICO;Passagens Areas;39 - OUTROS SERVICOS DE TERCEIROS - PESSOA JURIDICA;transparencia_excel_22.xls;2022-07-01;2023-06-30
SECRETARIA DE ESTADO DE DESENVOLVIMENTO ECONOMICO;75343/2020/SEDEC;00910/2022;023/2022;O presente contrato tem como objeto a aquisicao de premiacao, sendo 02 (dois) barcos de aluminio, para atender a premiacao das equipes 2a e 3a colocadas colocadas na final do 12o Campeonato Estadual de Pesca de Mato Grosso/2015, conforme especificacoes e;15414.0;31448016000195;LARYS TRAILERS UNIDADES MOVEIS E AFINS LTDA;2022-06-01;01/06/2022 a 29/08/2022;CELEBRADO;Secretaria de Estado de Desenvolvimento Economico - SEDEC;PREGAO ELETRONICO;Fornecimento de Materiais de Consumo;52 - EQUIPAMENTOS E MATERIAL PERMANENTE;transparencia_excel_22.xls;2022-06-01;2022-08-29
SECRETARIA DE ESTADO DE DESENVOLVIMENTO ECONOMICO;;00526/2022;010/2022/SEDEC;1.1	O objeto do presente instrumento refere-se a contratacao de empresa especializada na prestacao de servicos de apoio logistico e fornecimento de materiais para eventos, atos e solenidades, para atender os Orgaos/Entidades do Poder Executivo de Mato Gro;14525.0;70428388000101;PIRES DE MIRANDA E CIA LTDA EPP;2022-04-12;12/04/2022 a 11/04/2023;CELEBRADO;Secretaria de Estado de Desenvolvimento Economico - SEDEC;PREGAO ELETRONICO;Alimentao;39 - OUTROS SERVICOS DE TERCEIROS - PESSOA JURIDICA;transparencia_excel_22.xls;2022-04-12;2023-04-11
SECRETARIA DE ESTADO DE DESENVOLVIMENTO ECONOMICO;SEDEC-PRO-2022/00035;00540/2022;011/2022/SEDEC;O presente contrato tem como objeto a contratacao de um Administrador financeiro para executar a gestao de garantias do Fundo de Aval Garantidor de Mato Grosso - MT GARANTE, com suas obrigacoes descritas na Lei nA 11.475, de 14 de julho de 2021 e no Decre;5500000.0;06284531000130;AGENCIA DE FOMENTO DO ESTADO DE MATO GROSSO S/A;2022-04-14;14/04/2022 a 13/04/2027;CELEBRADO;Secretaria de Estado de Desenvolvimento Economico - SEDEC;DISPENSA DE LICITACAO;Servios de Apoio Administrativo, Tcnico e Operacional;39 - OUTROS SERVICOS DE TERCEIROS - PESSOA JURIDICA;transparencia_excel_22.xls;2022-04-14;2027-04-13
SECRETARIA DE ESTADO DE DESENVOLVIMENTO ECONOMICO;;00686/2022;012/2022;O objeto do presente instrumento refere-se a contratacao de pessoa juridica especializada na prestacao de Servicos de Locacao de Veiculos Administrativos, categorias diversas (sem motorista e sem combustivel), com quilometragem livre, para atender a Secre;45600.0;27595780000116;CS BRASIL FROTAS LTDA;2022-04-26;26/04/2022 a 25/04/2023;CELEBRADO;Secretaria de Estado de Desenvolvimento Economico - SEDEC;PREGAO ELETRONICO;OUTROS SERVIOS DE TERCEIROS - PESSOA JURDICA;39 - OUTROS SERVICOS DE TERCEIROS - PESSOA JURIDICA;transparencia_excel_22.xls;2022-04-26;2023-04-25
SECRETARIA DE ESTADO DE DESENVOLVIMENTO ECONOMICO;;00551/2022;013/2022/SEDEC;O objeto do presente instrumento e aquisicao de Escavadeira hidraulica e Motoniveladora, de acordo com as especificacoes do Termo de Referencia deste Contrato e deste Contrato, visando atender as demandas do Governo do Estado de Mato Grosso atraves da Sec;11159885.38;13160566000122;COPEMAQUINAS COMERCIO DE PECAS E REPRESENTACOES LTDA;2022-04-28;28/04/2022 a 27/04/2023;CELEBRADO;Secretaria de Estado de Desenvolvimento Economico - SEDEC;PREGAO ELETRONICO;Mquinas e Equipamentos Em Geral;52 - EQUIPAMENTOS E MATERIAL PERMANENTE;transparencia_excel_22.xls;2022-04-28;2023-04-27
SECRETARIA DE ESTADO DE DESENVOLVIMENTO ECONOMICO;;00552/2022;014/2022/SEDEC;O objeto do presente instrumento e a aquisicao de Pa Carregadeira, de acordo com as especificacoes do Termo de Referencia e deste contrato, visando atender as demandas do Governo do Estado de Mato Grosso atraves da Secretaria de Estado de Desenvolvimento;1516000.0;13552152000149;EDUARDO DE ALMEIDA EIRELI;2022-04-28;28/04/2022 a 27/04/2023;CELEBRADO;Secretaria de Estado de Desenvolvimento Economico - SEDEC;PREGAO ELETRONICO;Material Permanente;52 - EQUIPAMENTOS E MATERIAL PERMANENTE;transparencia_excel_22.xls;2022-04-28;2023-04-27
SECRETARIA DE ESTADO DE DESENVOLVIMENTO ECONOMICO;SEDEC-PRO-2022/00720;00691/2022;020/2022/SEDEC;1.1	O objeto do presente instrumento refere-se a contratacao de empresa especializada na prestacao de servicos continuados de Abastecimento e Controle do Fornecimento de Combustiveis (Gasolina comum, Etanol comum, Diesel comum e Diesel S10) em rede de pos;205480.0;05340639000130;PRIME CONSULTORIA E ASSESSORIA EMPRESARIAL LTDA;2022-05-16;16/05/2022 a 15/05/2023;CELEBRADO;Secretaria de Estado de Desenvolvimento Economico - SEDEC;PREGAO ELETRONICO;COMBUSTVEL;52 - EQUIPAMENTOS E MATERIAL PERMANENTE;transparencia_excel_22.xls;2022-05-16;2023-05-15
SECRETARIA DE ESTADO DE DESENVOLVIMENTO ECONOMICO;SEDEC-PRO-2022/01649;02054/2022;038/2022/SEDEC;1.1.	O objeto do presente contrato consiste na aquisicao de telefone sem fio, conforme especificacoes e quantitativo constantes na proposta no respectivo Termo de Referencia e neste Contrato.;6440.0;35656327000109;VALLE COMERCIO DE MAQUINAS INDUSTRIAIS EIRELI;2022-10-24;24/10/2022 a 23/10/2023;CELEBRADO;Av. Presidente Getulio Vargas, n 1077 bairro: Goiabeiras - Cuiaba MT;DISPENSA DE LICITACAO;Material Permanente;52 - EQUIPAMENTOS E MATERIAL PERMANENTE;transparencia_excel_22.xls;2022-10-24;2023-10-23
SECRETARIA DE ESTADO DE DESENVOLVIMENTO ECONOMICO;;01150/2022;030/2022/SEDEC;Contratacao de empresa especializada na aquisicao de equipamentos de informatica com garantia tecnica on-site, sendo 100 unidades de computador tipo 2, e 30 unidades de notebook, para atender a demanda da SEDEC, conforme especificacoes do Termo de referen;910500.0;19707627000105;DATA MANAGER PRESTADORA DE SERVICOS DE INFORMATICA LTDA ME;2022-07-25;25/07/2022 a 24/07/2023;CELEBRADO;Secretaria de Estado de Desenvolvimento Economico - SEDEC;PREGAO PRESENCIAL;Mquinas e Equipamentos Em Geral;52 - EQUIPAMENTOS E MATERIAL PERMANENTE;transparencia_excel_22.xls;2022-07-25;2023-07-24
SECRETARIA DE ESTADO DE DESENVOLVIMENTO ECONOMICO;;02065/2022;039/2022/SEDEC;O presente contrato tem como objeto a aquisicao de premiacao, sendo carreta para reboque de barco, para atender a premiacao da equipe 3a colocada na final do 12o Campeonato Estadual de Pesca de Mato Grosso/2015, conforme especificacoes e quantitativo cons;7902.0;46347836000168;EVOLUTION SHOP SOLUCOES COMERCIAIS LTDA;2022-10-25;25/10/2022 a 25/01/2023;CELEBRADO;Av. Presidente Getulio Vargas, n 1077 bairro: Goiabeiras - Cuiaba MT;PREGAO ELETRONICO;Material Permanente;52 - EQUIPAMENTOS E MATERIAL PERMANENTE;transparencia_excel_22.xls;2022-10-25;2023-01-25
SECRETARIA DE ESTADO DE DESENVOLVIMENTO ECONOMICO;;01164/2022;029/2022/SEDEC;1.1	O objeto do presente instrumento refere-se a contratacao de empresa especializada na prestacao de servicos de apoio logistico e fornecimento de materiais para eventos, atos e solenidades, para atender a Secretaria de Estado de Desenvolvimento Economic;3334.0;17505616000117;SOLUCAO LOCADORA DE TOALETES LTDA ME;2022-07-26;26/07/2022 a 25/07/2023;CELEBRADO;Secretaria de Estado de Desenvolvimento Economico - SEDEC;PREGAO ELETRONICO;Equipamentos de Process. Dados;52 - EQUIPAMENTOS E MATERIAL PERMANENTE;transparencia_excel_22.xls;2022-07-26;2023-07-25
SECRETARIA DE ESTADO DE DESENVOLVIMENTO ECONOMICO;SEDEC-PRO-2022/00638;01234/2022;032/2022/SEDEC;O presente instrumento tem como objeto a contratacao de empresa especializada em fornecimento de agua mineral natural, visando atender a demanda da Secretaria de Estado de Desenvolvimento Economico - SEDEC.;17400.0;13332212000118;FINISSIMA DISTRIBUIDORA DE AGUA LTDA ME;2022-07-29;29/07/2022 a 28/07/2023;CELEBRADO;Secretaria de Estado de Desenvolvimento Economico - SEDEC;DISPENSA DE LICITACAO;Fornecimento de Materiais de Consumo;52 - EQUIPAMENTOS E MATERIAL PERMANENTE;transparencia_excel_22.xls;2022-07-29;2023-07-28
SECRETARIA DE ESTADO DE DESENVOLVIMENTO ECONOMICO;;01864/2022;037/20200/SEDEC;O objeto do presente instrumento refere-se a contratacao de servicos para agenciamento de estudantes do ensino medio para preenchimento de bolsas de estagio, visando atender as demandas da Secretaria de Estado de Desenvolvimento Economico - SEDEC, que der;117898.2;61600839000155;CENTRO DE INTEGRACAO EMPRESA-ESCOLA CIE E;2022-09-22;22/09/2022 a 21/09/2023;CELEBRADO;Av. Presidente Getulio Vargas, n 1077 bairro: Goiabeiras - Cuiaba MT;PREGAO ELETRONICO;Estagirios;39 - OUTROS SERVICOS DE TERCEIROS - PESSOA JURIDICA;transparencia_excel_22.xls;2022-09-22;2023-09-21
SECRETARIA DE ESTADO DE DESENVOLVIMENTO ECONOMICO;;01508/2022;033/2022/SEDEC;O objeto do presente instrumento refere-se a contratacao de empresa especializada no fornecimento de genero alimenticio, sendo Acucar, em atendimento a demanda da Secretaria de Estado de Desenvolvimento Economico - SEDEC, que deriva da adesao a Ata de Reg;4104.0;33823751000167;DISBRANCO COMERCIO E DISTRIBUICAO DE ALIMENTOS LTDA;2022-08-15;15/08/2022 a 14/08/2023;CELEBRADO;Av. Presidente Getulio Vargas, n 1077 bairro: Goiabeiras - Cuiaba MT;PREGAO ELETRONICO;Fornecimento de Materiais de Consumo;52 - EQUIPAMENTOS E MATERIAL PERMANENTE;transparencia_excel_22.xls;2022-08-15;2023-08-14
SECRETARIA DE ESTADO DE DESENVOLVIMENTO ECONOMICO;SEDEC-PRO-2022/01378;01802/2022;035/2022/SEDEC;1.1.	O objeto do presente contrato consiste na aquisicao de copo descartavel, visando atender a demanda da Secretaria de Estado de Desenvolvimento Economico - SEDEC, de acordo com os termos e as especificacoes do Termo de Referencia e deste Contrato.;12150.0;39468225000102;DIA DE FESTA EMBALAGENS LTDA;2022-09-14;14/09/2022 a 13/09/2023;CELEBRADO;Av. Presidente Getulio Vargas, n 1077 bairro: Goiabeiras - Cuiaba MT;DISPENSA DE LICITACAO;Fornecimento de Materiais de Consumo;52 - EQUIPAMENTOS E MATERIAL PERMANENTE;transparencia_excel_22.xls;2022-09-14;2023-09-13
SECRETARIA DE ESTADO DE DESENVOLVIMENTO ECONOMICO;SEDEC-PRO-2022/01832;01806/2022;036/2022/SEDEC;Contratacao de empresa especializada no ramo de eventos especificos para locacao de espaco, montagem, desmontagem, mobiliarios em geral e comunicacao visual de Estande Institucional contendo 48m2 de area, para participacao do Governo do Estado de Mato Gro;129890.0;04433214000102;DAINA LIMA DE ALMEIDA;2022-09-13;13/09/2022 a 11/12/2022;CELEBRADO;Av. Presidente Getulio Vargas, n 1077 bairro: Goiabeiras - Cuiaba MT;PREGAO ELETRONICO;Eventos;39 - OUTROS SERVICOS DE TERCEIROS - PESSOA JURIDICA;transparencia_excel_22.xls;2022-09-13;2022-12-11
SECRETARIA DE ESTADO DE DESENVOLVIMENTO ECONOMICO;SEDEC-PRO-2022/03315;02353/2022;042/2022/SEDEC;1.1.	O objeto do presente Contrato tem como objeto a contratacao de empresa especializada para participacao do Estado de Mato Grosso, com estande proprio, apresentacao e anuncio em revista oficial, no XIX ABETA SUMMIT 2022 Congresso Brasileiro de Ecotur;37000.0;07462804000151;ASSOCIACAO BRASILEIRA DAS EMPRESAS DE ECOTURISMO E TURISMO DE AVENTURA - ABETA;2022-11-28;28/11/2022 a 25/02/2023;CELEBRADO;Av. Presidente Getulio Vargas, n 1077 bairro: Goiabeiras - Cuiaba MT;INEXIGIBILIDADE LEI 14133/2021;Eventos;39 - OUTROS SERVICOS DE TERCEIROS - PESSOA JURIDICA;transparencia_excel_22.xls;2022-11-28;2023-02-25
SECRETARIA DE ESTADO DE DESENVOLVIMENTO ECONOMICO;;02419/2022;043/2022/SEDEC;O objeto do presente instrumento refere-se a contratacao de empresa especializada no fornecimento de generos alimenticios, sendo Cafe, em atendimento a demanda dos Orgaos/Entidades do Poder Executivo Estadual, que deriva da adesao a Ata de Registro de Pre;16836.0;28072565000101;NAKA EXPRESS GENEROS ALIMENTICIOS LTDA;2022-11-29;29/11/2022 a 28/11/2023;CELEBRADO;Av. Presidente Getulio Vargas, n 1077 bairro: Goiabeiras - Cuiaba MT;PREGAO ELETRONICO;MATERIAL DE EXPEDIENTE;30 - MATERIAL DE CONSUMO;transparencia_excel_22.xls;2022-11-29;2023-11-28
SECRETARIA DE ESTADO DE DESENVOLVIMENTO ECONOMICO;SEDEC-PRO-2022/03355;02474/2022;047/2022/SEDEC;1.1.	O presente Contrato tem como objeto a contratacao de empresa especializada no ramo especifico de eventos para a locacao do espaco, montagem e desmontagem de mobiliarios para promocao e divulgacao da Secretaria de Estado de Desenvolvimento;33413.04;74125394000140;Instituto Centro de Capacitacao e Apoio ao Empreendedor - Instituto Centro CAPE;2022-12-02;02/12/2022 a 01/03/2023;CELEBRADO;Avenida Amazonas, 6200, Bairro Gameleira - Belo Horizonte - Minas Gerais;INEXIGIBILIDADE LEI 14133/2021;Estudos e Projetos;39 - OUTROS SERVICOS DE TERCEIROS - PESSOA JURIDICA;transparencia_excel_22.xls;2022-12-02;2023-03-01
SECRETARIA DE ESTADO DE DESENVOLVIMENTO ECONOMICO;SEDEC-PRO-2022/00925;02286/2022;040/2022/SEDEC;O presente Contrato tem por objeto a aquisicao de equipamentos de informatica, com garantia tecnica on-site, para atender a demanda da Secretaria de Estado de Desenvolvimento Economico - SEDEC, de acordo com os termos e as especificacoes a seguir.;90000.0;19707627000105;DATA MANAGER PRESTADORA DE SERVICOS DE INFORMATICA LTDA;2022-11-18;18/11/2022 a 17/11/2023;CELEBRADO;Av. Presidente Getulio Vargas, n 1077 bairro: Goiabeiras - Cuiaba MT;PREGAO ELETRONICO;Material Permanente;52 - EQUIPAMENTOS E MATERIAL PERMANENTE;transparencia_excel_22.xls;2022-11-18;2023-11-17
SECRETARIA DE ESTADO DE DESENVOLVIMENTO ECONOMICO;SEDEC-PRO-2022/02979;00515/2023;045/2022/SEDEC;O objeto do presente Contrato consiste na contratacao de empresa especializada para Contratacao de Capacitacao pessoal no curso da nova lei de licitacoes, denominado Fundamentos da Nova Lei de Licitacoes e Contratos Administrativos, para agentes;87000.0;01979657000105;INSTITUTO CAPACITACAO E POS GRADUACOES LTDA - EPP;2022-12-01;01/12/2022 a 30/11/2023;CELEBRADO;Av. Presidente Getulio Vargas, n 1077 bairro: Goiabeiras - Cuiaba MT;INEXIGIBILIDADE LEI 14133/2021;Capacitao de Pessoal;39 - OUTROS SERVICOS DE TERCEIROS - PESSOA JURIDICA;transparencia_excel_22.xls;2022-12-01;2023-11-30
SECRETARIA DE ESTADO DE DESENVOLVIMENTO ECONOMICO;;00518/2023;046/2022/SEDEC;1.1	O objeto do presente instrumento refere-se a contratacao de servicos para agenciamento de estudantes de graduacao e pos-graduacao (lato e stricto sensu), para preenchimento de bolsas de estagio, em atendimento a demanda da Secretaria de Estado de Dese;555270.36;61600839000155;CENTRO DE INTEGRACAO EMPRESA-ESCOLA CIE E;2022-12-06;06/12/2022 a 05/12/2023;CELEBRADO;Av. Presidente Getulio Vargas, n 1077 bairro: Goiabeiras - Cuiaba MT;PREGAO ELETRONICO;Estagirios;39 - OUTROS SERVICOS DE TERCEIROS - PESSOA JURIDICA;transparencia_excel_22.xls;2022-12-06;2023-12-05
SECRETARIA DE ESTADO DE DESENVOLVIMENTO ECONOMICO;;00911/2022;022/2022/SEDEC;O objeto do presente instrumento refere-se a contratacao de empresa especializada em prestacao de servicos continuos de terceirizacao de mao-de-obra de Recepcionista, para atender a demanda da Secretaria de Estado de Desenvolvimento Economico, que deriva;186398.16;79283065000141;ORBENK ADMINISTRACAO E SERVICOS LTDA.;2022-06-09;09/06/2022 a 08/06/2023;CELEBRADO;Secretaria de Estado de Desenvolvimento Economico - SEDEC;PREGAO ELETRONICO;SERVIOS TERCEIRIZADOS;39 - OUTROS SERVICOS DE TERCEIROS - PESSOA JURIDICA;transparencia_excel_22.xls;2022-06-09;2023-06-08
SECRETARIA DE ESTADO DE DESENVOLVIMENTO ECONOMICO;SEDEC-PRO-2022/03078;01502/2023;011/2017 - 5 TERMO ADITIVO;5o TERMO ADITIVO - OBJETO: Constitui objeto deste Termo, aditar a CLAUSULA DECIMA OITAVA DA VIGENCIA, do Contrato de Locacao do Imovel nA 011/2017. 1.2. A CLAUSULA DECIMA OITAVA - DA VIGENCIA passa a vigorar com o seguinte texto: A vigencia do presente;49596.0;18460001000184;G.DI GRECCO DA COSTA MARQUES & CIA LTDA-ME;2022-10-06;06/10/2022 a 05/10/2023;CELEBRADO;Rua Brigadeiro Eduardo Gomes, n 86, Bairro Goiabeiras - Cuiaba/MT;DISPENSA DE LICITACAO;Locao de Imveis;Locacao de Bens;transparencia_excel_22.xls;2022-10-06;2023-10-05
SECRETARIA DE ESTADO DE DESENVOLVIMENTO ECONOMICO;SEDEC-PRO-2022/01334;01503/2023;004/2015 - 7 TERMO ADITIVO;7o TERMO ADITIVO - LOCACAO DE IMOVEL - Constitui objeto deste Termo, aditar a CLAUSULA DECIMA OITAVA DA VIGENCIA, do Contrato de Locacao do Imovel nA 004/2015. 1.2. A CLAUSULA DECIMA OITAVA - DA VIGENCIA passa a vigorar com o seguinte texto: A vigenci;42446.52;18460001000184;G.DI GRECCO DA COSTA MARQUES & CIA LTDA-ME;2022-06-30;01/07/2022 a 30/06/2023;CELEBRADO;Rua Brigadeiro Eduardo Gomes, nA 86, Bairro: Goiabeiras, Cuiaba-MT;DISPENSA DE LICITACAO;Locao de Imveis;Locacao de Bens;transparencia_excel_22.xls;2022-07-01;2023-06-30
SECRETARIA DE ESTADO DE DESENVOLVIMENTO ECONOMICO;SEDEC-PRO-2022/02703;01912/2023;037/2022/SEDEC;1.1	O objeto do presente instrumento refere-se a contratacao de servicos para agenciamento de estudantes do ensino medio para preenchimento de bolsas de estagio, visando atender as demandas da Secretaria de Estado de Desenvolvimento Economico - SEDEC, que;117898.2;61600839000155;CENTRO DE INTEGRACAO EMPRESA-ESCOLA CIE E;2022-09-22;22/09/2022 a 21/09/2023;CELEBRADO;Av. Presidente Getulio Vargas, n 1077 bairro: Goiabeiras - Cuiaba MT;PREGAO ELETRONICO;Estagirios;39 - OUTROS SERVICOS DE TERCEIROS - PESSOA JURIDICA;transparencia_excel_22.xls;2022-09-22;2023-09-21
SECRETARIA DE ESTADO DE DESENVOLVIMENTO ECONOMICO;251992;00467/2021;004/2021;1.1.	Contratacao de empresa especializada na prestacao de servicos continuados, com regime de dedicacao exclusiva, de conservacao, limpeza e asseio, com fornecimento de mao de obra, produtos saneantes domissanitarios, materiais e equipamentos para atender;137100.0;28872136000100;MD TERCEIRIZACAO LTDA;2023-02-08;10/02/2022 a 10/02/2024;CELEBRADO;;PREGAO ELETRONICO;Limpeza;39 - OUTROS SERVICOS DE TERCEIROS - PESSOA JURIDICA;transparencia_excel_22.xls;2022-02-10;2024-02-10
SECRETARIA DE ESTADO DE DESENVOLVIMENTO ECONOMICO;264396/2021/SEDEC;00590/2022;019/2022/SEDEC;Contratacao de pessoa juridica para prestacao de servicos continuados de apoio administrativo, com fornecimento de mao de obra exclusiva para motorista, para conducao dos veiculos pertencentes a frota, locados ou requisitados pela SEDEC para atender as de;266655.96;22826914000149;OASIS ADMINISTRADORA DE SERVICOS EIRELI;2022-05-02;02/05/2022 a 04/05/2024;CELEBRADO;Secretaria de Estado de Desenvolvimento Economico - SEDEC;PREGAO ELETRONICO;OUTROS SERVIOS DE TERCEIROS - PESSOA JURDICA;39 - OUTROS SERVICOS DE TERCEIROS - PESSOA JURIDICA;transparencia_excel_22.xls;2022-05-02;2024-05-04
SECRETARIA DE ESTADO DE DESENVOLVIMENTO ECONOMICO;;01025/2023;005/2023/SEDEC;1.1.	O objeto do presente instrumento refere-se a contratacao de empresa especializada para o fornecimento de gas de cozinha e vasilhames de acondicionamento, para atender as demandas da Secretaria De Estado De Desenvolvimento Economico, no ambito de Cuia;3269.7;06304408000133;BFX COMERCIO DE GLP LTDA;2023-02-23;23/02/2023 a 22/02/2024;CELEBRADO;Av. Presidente Getulio Vargas, n 1077 bairro: Goiabeiras - Cuiaba MT;ADESAO;MATERIAL DE EXPEDIENTE;30 - MATERIAL DE CONSUMO;transparencia_excel_23.xls;2023-02-23;2024-02-22
SECRETARIA DE ESTADO DE DESENVOLVIMENTO ECONOMICO;;00545/2023;003/2023/SEDEC;O presente contrato tem como objeto a contratacao de empresa especializada em prestacao de servicos servicos sob demanda de remocao e instalacao de condicionadores de ar do tipo split. 1.2. Vinculam-se ao presente Contrato, independentemente de transcrica;19560.0;24339050000166;Dionis Maia Pires 88687716249;2023-01-26;26/01/2023 a 25/01/2024;CELEBRADO;Av. Presidente Getulio Vargas, n 1077 bairro: Goiabeiras - Cuiaba MT;PREGAO ELETRONICO;Manuteno de Ar Condicionado;39 - OUTROS SERVICOS DE TERCEIROS - PESSOA JURIDICA;transparencia_excel_23.xls;2023-01-26;2024-01-25
SECRETARIA DE ESTADO DE DESENVOLVIMENTO ECONOMICO;SEMA-PRO-2021/00721;01555/2023;006/2023/SEDEC;Contratacao de empresa especializada em servicos na area de arquitetura/engenharia, para execucao de obra referente ao projeto do Centro de Triagem e Reabilitacao de animais silvestres, sendo parte da obra a construcao de Hospital veterinario, quarentena,;8614218.29;11922125000195;JRM CONSTRUCOES EIRELI ME;2023-03-27;27/03/2023 a 16/03/2025;CELEBRADO;RUA DR. HELIO PONCE DE ARRUDA, S/N CENTRO POLITICO;CONCORRENCIA;Const. Bens de Uso Comum;51 - OBRAS E INSTALACOES;transparencia_excel_23.xls;2023-03-27;2025-03-16
SECRETARIA DE ESTADO DE DESENVOLVIMENTO ECONOMICO;;01816/2023;010/2023/SEDEC;O objeto do presente instrumento e aquisicao de material permanente: RETROESCAVADEIRA MINIMO 79HP. de acordo com as especificacoes deste Contrato e constantes no Termo de Referencia, visando atender as demandas do Governo do Estado de Mato Grosso atraves;3837294.0;01042977000134;GUIMARAES AGRICOLA LTDA;2023-05-12;12/05/2023 a 12/05/2024;CELEBRADO;CUIABA - MT;PREGAO ELETRONICO;Material Permanente;52 - EQUIPAMENTOS E MATERIAL PERMANENTE;transparencia_excel_23.xls;2023-05-12;2024-05-12
SECRETARIA DE ESTADO DE DESENVOLVIMENTO ECONOMICO;SEDEC-PRO-2023/00314;01529/2023;008/2023/SEDEC;O objeto do presente Contrato consiste contratacao de empresa para promocao do Estado de Mato Grosso no evento Dry Beans and Special Crops International SUMMIT 2023 que sera realizado em Foz do Iguacu-Parana entre os dias 30 e 31 de marco de 2023, conform;28500.0;21848980000157;INSTITUTO BRASILEIRO DE FEIJAO E PULSES - IBRAFE;2023-03-29;29/03/2023 a 27/03/2024;CELEBRADO;BOURBON CATARATAS DO IGUACU - TERMAS ECO RESORT, FOZ DO IGUACU - PARANA;INEXIGIBILIDADE LEI 14133/2021;Eventos;39 - OUTROS SERVICOS DE TERCEIROS - PESSOA JURIDICA;transparencia_excel_23.xls;2023-03-29;2024-03-27
SECRETARIA DE ESTADO DE DESENVOLVIMENTO ECONOMICO;SEDEC-PRO-2023/00092;01711/2023;007/2023/SEDEC;O objeto do presente Contrato consiste contratacao de empresa especializada em realizacao de eventos, montagem e decoracao de estande para a feira nacional Pesca & Companhia Trade Show 2023,que acontecera entre os dias 23 a 25 de marco de 2023, no Pro Ma;108905.0;09258103000120;PETREL EVENTOS LTDA;2023-03-22;22/03/2023 a 20/05/2023;CELEBRADO;RUA DR. CRISTIANO DE SOUSA, NR 140 - SAO PAULO/SP, CEP: 05658-010;INEXIGIBILIDADE LEI 14133/2021;Eventos;39 - OUTROS SERVICOS DE TERCEIROS - PESSOA JURIDICA;transparencia_excel_23.xls;2023-03-22;2023-05-20
SECRETARIA DE ESTADO DE DESENVOLVIMENTO ECONOMICO;;02466/2023;024/2023/SEDEC;CLAUSULA PRIMEIRA - DO OBJETO 1.1.	O objeto do presente instrumento refere-se a contratacao de empresa especializada para o fornecimento de vasilhames de acondicionamento de agua mineral, para atender as demandas dos Orgaos/Entidades do Poder Executivo E;43160.0;01354498000153;UGOLINI CAMPOS LTDA;2023-07-26;26/07/2023 a 24/07/2024;CELEBRADO;Av. Presidente Getulio Vargas, n 1077 bairro: Goiabeiras - Cuiaba MT;PREGAO ELETRONICO;Material Permanente;52 - EQUIPAMENTOS E MATERIAL PERMANENTE;transparencia_excel_23.xls;2023-07-26;2024-07-24
SECRETARIA DE ESTADO DE DESENVOLVIMENTO ECONOMICO;;02450/2023;019/2023/SEDEC;O objeto do presente instrumento e aquisicao de material permanente: CAMINHAO TRUCK Zero km, ano de modelo corrente, cabine frontal, com basculamento tracao 6x4, motor a diesel, potencia minima de 277 CV, equipado com cacamba basculante de no minimo 10m3,;8450000.0;07811058000164;M.DIESEL CAMINHOES E ONIBUS LTDA.;2023-07-24;07/07/2023 a 13/06/2024;CELEBRADO;Cuiaba/MT;PREGAO ELETRONICO;Material Permanente;52 - EQUIPAMENTOS E MATERIAL PERMANENTE;transparencia_excel_23.xls;2023-07-07;2024-06-13
SECRETARIA DE ESTADO DE DESENVOLVIMENTO ECONOMICO;;02305/2023;013/2023/SEDEC;1.1.	O objeto do presente instrumento refere-se a contratacao de empresa especializada no Servico de Emissao de Certificados Digitais (e-CPF, e-CNPJ e SSL Site Seguro), no padrao ICP-Brasil, bem como o fornecimento de dispositivos criptograficos (token;2355.6;43690572000152;GLOBALSEC TECNOLOGIA DA INFORMACAO LTDA;2023-06-12;12/06/2023 a 10/06/2024;CELEBRADO;Av. Presidente Getulio Vargas, n 1077 bairro: Goiabeiras - Cuiaba MT;PREGAO ELETRONICO;PRESTAO DE SERVIOS DE TECNOLOGIA DA INFORMAO;40 - SERVICOS DE TECNOLOGIA DA INFORMACAO E COMUNICACAO - PESSOA JURIDICA;transparencia_excel_23.xls;2023-06-12;2024-06-10
SECRETARIA DE ESTADO DE DESENVOLVIMENTO ECONOMICO;;02309/2023;014/2023/SEDEC;Aquisicao de equipamentos, sendo aparelhos de Televisao - Smart TV LED, para suporte tecnologico as salas de atendimento ao empreendedor em 71 (setenta e um) municipios do Estado de Mato Grosso.;107460.0;02869044000188;DIGITECH SOLUCOES LTDA;2023-06-23;23/06/2023 a 20/09/2023;CELEBRADO;Av. Presidente Getulio Vargas, n 1077 bairro: Goiabeiras - Cuiaba MT;PREGAO ELETRONICO;Fornecimento de Materiais de Consumo;52 - EQUIPAMENTOS E MATERIAL PERMANENTE;transparencia_excel_23.xls;2023-06-23;2023-09-20
SECRETARIA DE ESTADO DE DESENVOLVIMENTO ECONOMICO;;02311/2023;015/2023/SEDEC;Aquisicao de equipamentos sendo pedestais/suporte para televisores, para suporte tecnologico as salas de atendimento ao empreendedor em 71 (setenta e um) municipios do Estado de Mato Grosso.;48990.0;23106657000133;IMPERIO SOLUCOES ADMINISTRATIVAS E PUBLICAS LTDA;2023-06-26;26/06/2023 a 23/09/2023;CELEBRADO;Av. Presidente Getulio Vargas, n 1077 bairro: Goiabeiras - Cuiaba MT;PREGAO ELETRONICO;Fornecimento de Materiais de Consumo;52 - EQUIPAMENTOS E MATERIAL PERMANENTE;transparencia_excel_23.xls;2023-06-26;2023-09-23
SECRETARIA DE ESTADO DE DESENVOLVIMENTO ECONOMICO;;02316/2023;016/2023/SEDEC;Aquisicao de equipamentos, sendo aparelhos de Televisao - Smart TV LED, para suporte tecnologico as salas de atendimento ao empreendedor em 71 (setenta e um) municipios do Estado de Mato Grosso.;37498.6;06128710000188;JVM COPIADORAS E INFORMATICA LTDA;2023-07-03;03/07/2023 a 30/09/2023;CELEBRADO;Av. Presidente Getulio Vargas, n 1077 bairro: Goiabeiras - Cuiaba MT;PREGAO ELETRONICO;Material Permanente;52 - EQUIPAMENTOS E MATERIAL PERMANENTE;transparencia_excel_23.xls;2023-07-03;2023-09-30
SECRETARIA DE ESTADO DE DESENVOLVIMENTO ECONOMICO;SEDEC-PRO-2022/01574;02319/2023;017/2023/SEDEC;O presente Contrato tem por objeto a contratacao de empresa especializada em desenvolvimento e manutencao de software, em regime de FABRICA DE SOFTWARE (FSW) por demanda, sem garantia de consumo minimo, utilizando linguagens, ferramentas e tecnologias ado;1099000.0;18947049000111;INFORDINAMICA TECNOLOGIA LTDA;2023-07-03;03/07/2023 a 01/07/2024;CELEBRADO;Av. Presidente Getulio Vargas, n 1077 bairro: Goiabeiras - Cuiaba MT;PREGAO ELETRONICO;AQUISIO DE SOFTWARE;40 - SERVICOS DE TECNOLOGIA DA INFORMACAO E COMUNICACAO - PESSOA JURIDICA;transparencia_excel_23.xls;2023-07-03;2024-07-01
SECRETARIA DE ESTADO DE DESENVOLVIMENTO ECONOMICO;SEDEC-PRO-2022/01574;02320/2023;018/2023/SEDEC;O presente Contrato tem por objeto a contratacao de empresa especializada em desenvolvimento e manutencao de software, contagem de pontos de funcao em regime de FABRICA DE METRICAS (FM), por demanda, sem garantia de consumo minimo, utilizando linguagens,;12080.0;36908652000176;FIRST POINT SOLUCOES EM TECNOLOGIA DA INFORMACAO LTDA;2023-07-03;03/07/2023 a 01/07/2024;CELEBRADO;Av. Presidente Getulio Vargas, n 1077 bairro: Goiabeiras - Cuiaba MT;PREGAO ELETRONICO;AQUISIO DE SOFTWARE;40 - SERVICOS DE TECNOLOGIA DA INFORMACAO E COMUNICACAO - PESSOA JURIDICA;transparencia_excel_23.xls;2023-07-03;2024-07-01
SECRETARIA DE ESTADO DE DESENVOLVIMENTO ECONOMICO;;02452/2023;020/2023/SEDEC;O objeto do presente instrumento e aquisicao de material permanente: CAMINHAO TRUCK Zero km, ano de modelo corrente, cabine frontal, com basculamento tracao 6x4, motor a diesel, potencia minima de 277 CV, equipado com cacamba basculante de no minimo 10m3;16780000.0;07811058000164;M.DIESEL CAMINHOES E ONIBUS LTDA.;2023-07-07;07/07/2023 a 05/07/2024;CELEBRADO;Cuiaba MT;PREGAO ELETRONICO;Material Permanente;52 - EQUIPAMENTOS E MATERIAL PERMANENTE;transparencia_excel_23.xls;2023-07-07;2024-07-05
SECRETARIA DE ESTADO DE DESENVOLVIMENTO ECONOMICO;SEDEC-PRO-2023/00649;02464/2023;022/2023/SEDEC;1.1.	O objeto do presente instrumento refere-se a aquisicao de Condicionadores de Ar (Tipo HI WALL) incluindo instalacao, para atender os Orgaos/Entidades do Poder Executivo do Estado de Mato Grosso, que deriva da adesao a Ata de Registro de Precos no 017;21700.0;05870717000108;STILUS MAQUINAS E EQUIPAMENTOS PARA ESCRITORIO LTDA;2023-07-24;24/07/2023 a 22/07/2024;CELEBRADO;Av. Presidente Getulio Vargas, n 1077 bairro: Goiabeiras - Cuiaba MT;PREGAO ELETRONICO;Material Permanente;52 - EQUIPAMENTOS E MATERIAL PERMANENTE;transparencia_excel_23.xls;2023-07-24;2024-07-22
SECRETARIA DE ESTADO DE DESENVOLVIMENTO ECONOMICO;;02455/2023;023/2023/SEDEC;1.1.	O objeto do presente instrumento refere-se a contratacao de empresa especializada para o fornecimento de agua mineral natural, para atender as demandas dos Orgaos/Entidades do Poder Executivo Estadual, no ambito de Cuiaba e Varzea Grande, que deriva;13975.0;13332212000118;FINISSIMA DISTRIBUIDORA DE AGUA LTDA ME;2023-07-26;26/07/2023 a 24/07/2024;CELEBRADO;Av. Presidente Getulio Vargas, n 1077 bairro: Goiabeiras - Cuiaba MT;PREGAO ELETRONICO;GNEROS DE ALIMENTAO;30 - MATERIAL DE CONSUMO;transparencia_excel_23.xls;2023-07-26;2024-07-24
SECRETARIA DE ESTADO DE DESENVOLVIMENTO ECONOMICO;SEDEC-PRO-2022/02000;03005/2023;038/2023/SEDEC;O presente Termo de Contrato tem como objeto a aquisicao de equipamentos de informatica com garantia tecnica on-site, para atender a demanda da Secretaria de Estado de Desenvolvimento Economico SEDEC, nas condicoes estabelecidas no Termo de Referencia n;39000.0;09298794000196;POWER TEC TECNOLOGIA EM INFORMATICA;2023-10-04;04/10/2023 a 02/10/2024;CELEBRADO;Av. Presidente Getulio Vargas, n 1077 bairro: Goiabeiras - Cuiaba MT;PREGAO ELETRONICO;Equipamentos de Process. Dados;52 - EQUIPAMENTOS E MATERIAL PERMANENTE;transparencia_excel_23.xls;2023-10-04;2024-10-02
SECRETARIA DE ESTADO DE DESENVOLVIMENTO ECONOMICO;SEDEC-PRO-2023/01319;02895/2023;033/2023/SEDEC;1.1.	O objeto do presente Contrato consiste Contratacao de empresa para participacao da 16a Edicao do Forum de Turismo de Negocios -FTN XVI, o evento e voltado a agencias de viagens, operadores turisticos e imprensa especializada e ocorrera nos dias 20 de;4500.0;13346987000142;FTN Y FORUM DE TURISMO DE NEGOCIOS E EVENTOS LTDA;2023-09-18;18/09/2023 a 16/12/2023;CELEBRADO;Ocorrera nos dias 20 de setembro de 2023 em Florianopolis/SC e 21 de setembro de 2023 em Joinville/S;INEXIGIBILIDADE LEI 14133/2021;Eventos;39 - OUTROS SERVICOS DE TERCEIROS - PESSOA JURIDICA;transparencia_excel_23.xls;2023-09-18;2023-12-16
SECRETARIA DE ESTADO DE DESENVOLVIMENTO ECONOMICO;SEDEC-PRO-2023/00704;02900/2023;034/2023/SEDEC;1.1.	Contratacao de empresa no ramo de eventos especificos para locacao de espaco, montagem e desmontagem, mobiliarios em geral e comunicacao visual de estande institucional para participacao do Estado de Mato Grosso, por meio da Secretaria de Estado de D;183926.44;11729180000163;INFORTOUCH - AGENCIA DE COMUNICACAO, EVENTOS E PRODUTOS ALIMENTICIOS LTDA;2023-09-18;18/09/2023 a 16/12/2023;CELEBRADO;Av. Presidente Getulio Vargas, n 1077 bairro: Goiabeiras - Cuiaba MT;PREGAO ELETRONICO;Eventos;39 - OUTROS SERVICOS DE TERCEIROS - PESSOA JURIDICA;transparencia_excel_23.xls;2023-09-18;2023-12-16
SECRETARIA DE ESTADO DE DESENVOLVIMENTO ECONOMICO;SEDEC-PRO-2023/01377;03011/2023;039/2023/SEDEC;Contratacao de empresa para prestacao de servicos de locacao de espaco com montagem para participacao como expositor da BTM YBRAZIL TRAVEL MARKET, que sera realizada no periodo de 19 e 20 de outubro no Centro de Eventos do Ceara em Fortaleza - CE, conform;50000.0;13916553000130;CLAUDIO JOSE DA SILVA JUNIOR;2023-10-10;10/10/2023 a 07/01/2024;CELEBRADO;Centro de Eventos do Ceara em Fortaleza - CE;INEXIGIBILIDADE LEI 14133/2021;Eventos;39 - OUTROS SERVICOS DE TERCEIROS - PESSOA JURIDICA;transparencia_excel_23.xls;2023-10-10;2024-01-07
SECRETARIA DE ESTADO DE DESENVOLVIMENTO ECONOMICO;SEDEC-PRO-2022/03850;02897/2023;035/2023/SEDEC;1.1.	O objeto do presente instrumento e a contratacao de pessoa juridica especializada no ramo de alimentacao para prestacao de servicos de Coffee Break para atender a demanda da Secretaria de Estado de Desenvolvimento Economico - SEDEC, conforme condicoe;132000.0;49948321000101;3S ASSESSORIA, CONSULTORIA E COMERCIO LTDA;2023-09-22;22/09/2023 a 20/09/2024;CELEBRADO;Av. Presidente Getulio Vargas, n 1077 bairro: Goiabeiras - Cuiaba MT;PREGAO ELETRONICO;Alimentao;39 - OUTROS SERVICOS DE TERCEIROS - PESSOA JURIDICA;transparencia_excel_23.xls;2023-09-22;2024-09-20
SECRETARIA DE ESTADO DE DESENVOLVIMENTO ECONOMICO;SEDEC-PRO-2022/02764;02905/2023;036/2023/SEDEC;CLAUSULA PRIMEIRA - DO OBJETO E FINALIDADE 1.1. O objeto do presente contrato consiste na contratacao de servico de seguro predial, sem franquia, para cobrir danos causados por sinistro ao patrimonio mobiliario e bens moveis da Secretaria de Estado de Des;2137.59;61198164000160;PORTO SEGURO COMPANHIA DE SEGUROS GERAIS;2023-09-28;28/09/2023 a 26/09/2024;CELEBRADO;Av. Presidente Getulio Vargas, n 1077 bairro: Goiabeiras - Cuiaba MT;INEXIGIBILIDADE - LEI 14.124/2021;LOCAO DE MO DE OBRA;39 - OUTROS SERVICOS DE TERCEIROS - PESSOA JURIDICA;transparencia_excel_23.xls;2023-09-28;2024-09-26
SECRETARIA DE ESTADO DE DESENVOLVIMENTO ECONOMICO;SEDEC-PRO-2023/01216;02902/2023;025/2023/SEDEC;O objeto do presente Contrato consiste na Contratacao de servico especializado em capacitacao em desenvolvimento humano e de liderancas estrategicas, para agentes politicos e servidores da Secretaria de Desenvolvimento Economico YSEDEC, conforme especific;44660.0;48917905000157;J.D.L. FALCAO;2023-08-17;17/08/2023 a 15/08/2024;CELEBRADO;Av. Presidente Getulio Vargas, n 1077 bairro: Goiabeiras - Cuiaba MT;INEXIGIBILIDADE LEI 14133/2021;Estudos e Projetos;39 - OUTROS SERVICOS DE TERCEIROS - PESSOA JURIDICA;transparencia_excel_23.xls;2023-08-17;2024-08-15
SECRETARIA DE ESTADO DE DESENVOLVIMENTO ECONOMICO;SEDEC-PRO-2022/01230;02881/2023;026/2023/SEDEC;Aquisicao de equipamentos de informatica para suporte tecnologico as salas de atendimento ao empreendedor em 71 (setenta e um) municipios do Estado de Mato Grosso.;219510.0;08710871000100;STUDIO COMERCIO ATACADISTA DE PRODUTOS DE INFORMATICA LTDA;2023-08-21;21/08/2023 a 18/11/2023;CELEBRADO;Av. Presidente Getulio Vargas, n 1077 bairro: Goiabeiras - Cuiaba MT;PREGAO ELETRONICO;Material Permanente;52 - EQUIPAMENTOS E MATERIAL PERMANENTE;transparencia_excel_23.xls;2023-08-21;2023-11-18
SECRETARIA DE ESTADO DE DESENVOLVIMENTO ECONOMICO;SEDEC-PRO-2022/01230;02883/2023;027/2023/SEDEC;Aquisicao de equipamentos de informatica para suporte tecnologico as salas de atendimento ao empreendedor em 71 (setenta e um) municipios do Estado de Mato Grosso.;70499.85;27120037000100;THADS SERVICOS LTDA;2023-09-05;05/09/2023 a 03/12/2023;CELEBRADO;Av. Presidente Getulio Vargas, n 1077 bairro: Goiabeiras - Cuiaba MT;PREGAO ELETRONICO;Material Permanente;52 - EQUIPAMENTOS E MATERIAL PERMANENTE;transparencia_excel_23.xls;2023-09-05;2023-12-03
SECRETARIA DE ESTADO DE DESENVOLVIMENTO ECONOMICO;SEDEC-PRO-2022/01230;02886/2023;028/2023/SEDEC;Aquisicao de equipamentos de informatica para suporte tecnologico as salas de atendimento ao empreendedor em 71 (setenta e um) municipios do Estado de Mato Grosso.;10558.41;12980808000161;DADB EQUIPAMENTOS E SERVICOS DE INFORMATICA LTDA;2023-09-05;05/09/2023 a 03/12/2023;CELEBRADO;Av. Presidente Getulio Vargas, n 1077 bairro: Goiabeiras - Cuiaba MT;PREGAO ELETRONICO;AQUISIO DE MATERIAL ELTRICO;30 - MATERIAL DE CONSUMO;transparencia_excel_23.xls;2023-09-05;2023-12-03
SECRETARIA DE ESTADO DE DESENVOLVIMENTO ECONOMICO;SEDEC-PRO-2022/01230;02887/2023;029/2023/SEDEC;Aquisicao de equipamentos de informatica para suporte tecnologico as salas de atendimento ao empreendedor em 71 (setenta e um) municipios do Estado de Mato Grosso.;14981.0;06128710000188;JVM COPIADORAS E INFORMATICA LTDA;2023-09-05;05/09/2023 a 03/12/2023;CELEBRADO;Av. Presidente Getulio Vargas, n 1077 bairro: Goiabeiras - Cuiaba MT;PREGAO ELETRONICO;AQUISIO DE MATERIAL ELTRICO;30 - MATERIAL DE CONSUMO;transparencia_excel_23.xls;2023-09-05;2023-12-03
SECRETARIA DE ESTADO DE DESENVOLVIMENTO ECONOMICO;SEDEC-PRO-2023/00921;02743/2023;030/2023/SEDEC;Locacao de imovel nao residencial, localizado na Rua Brigadeiro Eduardo Gomes, nA 86, Bairro: Goiabeiras, Cuiaba-MT, com medida total de 257,5 m2, espaco livre, com laje, piso ceramico, cerca eletrica, concertina, instalacao eletrica e hidraulica, com vag;95760.0;18460001000184;G.DI GRECCO DA COSTA MARQUES & CIA LTDA-ME;2023-08-18;18/08/2023 a 16/08/2024;CELEBRADO;Av. Presidente Getulio Vargas, n 1077 bairro: Goiabeiras - Cuiaba MT;INEXIGIBILIDADE LEI 14133/2021;OUTROS SERVIOS DE TERCEIROS - PESSOA JURDICA;39 - OUTROS SERVICOS DE TERCEIROS - PESSOA JURIDICA;transparencia_excel_23.xls;2023-08-18;2024-08-16
SECRETARIA DE ESTADO DE DESENVOLVIMENTO ECONOMICO;SEDEC-PRO-2022/02479;03026/2023;037/2023/SEDEC;O objeto do presente Contrato consiste na contratacao de servicos de Data Center na modalidade COLOCATION para atender a demanda da Secretaria de Estado de Desenvolvimento Economico SEDEC, conforme especificacoes constantes na proposta de servico nA 54/;24469.2;15011059000152;EMPRESA MATO-GROSSENSE DE TECNOLOGIA DA INFORMACAO - MTI;2023-10-11;11/10/2023 a 09/10/2024;CELEBRADO;Av. Presidente Getulio Vargas, n 1077 bairro: Goiabeiras - Cuiaba MT;DISPENSA DE LICITACAO - LEI 14.124/2021;PRESTAO DE SERVIOS DE TECNOLOGIA DA INFORMAO;40 - SERVICOS DE TECNOLOGIA DA INFORMACAO E COMUNICACAO - PESSOA JURIDICA;transparencia_excel_23.xls;2023-10-11;2024-10-09
SECRETARIA DE ESTADO DE DESENVOLVIMENTO ECONOMICO;;03103/2023;019/2023/SEDEC;. O objeto do presente instrumento e aquisicao de material permanente: CAMINHAO TRUCK Zero km, ano de modelo corrente, cabine frontal, com basculamento tracao 6x4, motor a diesel, potencia minima de 277 CV, equipado com cacamba basculante de no minimo 10;10310000.0;07811058000164;M.DIESEL CAMINHOES E ONIBUS LTDA.;2023-07-07;07/07/2023 a 05/07/2024;CELEBRADO;Av. Presidente Getulio Vargas, n 1077 bairro: Goiabeiras - Cuiaba MT;ADESAO;Material Permanente;52 - EQUIPAMENTOS E MATERIAL PERMANENTE;transparencia_excel_23.xls;2023-07-07;2024-07-05
SECRETARIA DE ESTADO DE DESENVOLVIMENTO ECONOMICO;;03341/2023;045/2023/SEDEC;1.1.	O objeto do presente instrumento refere-se a aquisicao de Condicionadores de Ar (Tipo HI WALL) incluindo instalacao, para atender os Orgaos/Entidades do Poder Executivo do Estado de Mato Grosso, que deriva da adesao a Ata de Registro de Precos no 017;3790.0;05083549000100;JH CORREA COMERCIO DE PRODUTOS ELETROELETRONICOS E PAPELARIA LTDA;2023-11-29;29/11/2023 a 29/11/2024;CELEBRADO;Av. Presidente Getulio Vargas, n 1077 bairro: Goiabeiras - Cuiaba MT;ADESAO;Material Permanente;52 - EQUIPAMENTOS E MATERIAL PERMANENTE;transparencia_excel_23.xls;2023-11-29;2024-11-29
SECRETARIA DE ESTADO DE DESENVOLVIMENTO ECONOMICO;;02256/2022;041/2022/SEDEC;"O presente Contrato tem como objeto a contratacao de licenca de uso de plataforma web de gerenciamento de reputacao online (ORM), mediante assinatura anual, conforme condicoes e especificacoes constantes no Termo de referencia e neste contrato; 1.2. Este";93131.04;12399451000122;VARANIS DE SOUZA E SILVA SOUZA LTDA;2023-11-17;16/11/2023 a 16/11/2024;CELEBRADO;Av. Presidente Getulio Vargas, n 1077 bairro: Goiabeiras - Cuiaba MT;PREGAO ELETRONICO;SERVIOS DE TECNOLOGIA DE INFORMTICA;39 - OUTROS SERVICOS DE TERCEIROS - PESSOA JURIDICA;transparencia_excel_23.xls;2023-11-16;2024-11-16
SECRETARIA DE ESTADO DE DESENVOLVIMENTO ECONOMICO;SEDEC-PRO-2023/01640;03474/2023;046/2023/SEDEC;O objeto do presente Contrato de Patrocinio relacionados a producao audiovisual e outros servicos correlatos, para producao de videodocumentario de longa-metragem para veiculacao global em plataforma de streaming com intuito de promover e divulgar o Parqu;3500000.0;07929498000110;DUO2.TV LTDA;2023-12-04;04/12/2023 a 04/12/2026;CELEBRADO;Av. Presidente Getulio Vargas, n 1077 bairro: Goiabeiras - Cuiaba MT;INEXIGIBILIDADE LEI 14133/2021;Convnio;39 - OUTROS SERVICOS DE TERCEIROS - PESSOA JURIDICA;transparencia_excel_23.xls;2023-12-04;2026-12-04
SECRETARIA DE ESTADO DE DESENVOLVIMENTO ECONOMICO;;03339/2023;044/2023/SEDEC;1.1.	O objeto do presente instrumento refere-se a aquisicao de Condicionadores de Ar (Tipo HI WALL) incluindo instalacao, para atender os Orgaos/Entidades do Poder Executivo do Estado de Mato Grosso, que deriva da adesao a Ata de Registro de Precos no 017;8680.0;05083549000100;JH CORREA COMERCIO DE PRODUTOS ELETROELETRONICOS E PAPELARIA LTDA;;29/11/2023 a 29/11/2024;CANCELADO;Av. Presidente Getulio Vargas, n 1077 bairro: Goiabeiras - Cuiaba MT;ADESAO;Material Permanente;52 - EQUIPAMENTOS E MATERIAL PERMANENTE;transparencia_excel_23.xls;2023-11-29;2024-11-29
SECRETARIA DE ESTADO DE DESENVOLVIMENTO ECONOMICO;;03340/2023;044/2023/SEDEC;1.1.	O objeto do presente instrumento refere-se a aquisicao de Condicionadores de Ar (Tipo HI WALL) incluindo instalacao, para atender os Orgaos/Entidades do Poder Executivo do Estado de Mato Grosso, que deriva da adesao a Ata de Registro de Precos no 017;8680.0;05870717000108;STILUS MAQUINAS E EQUIPAMENTOS PARA ESCRITORIO LTDA;2023-11-29;29/11/2023 a 29/11/2024;CELEBRADO;Av. Presidente Getulio Vargas, n 1077 bairro: Goiabeiras - Cuiaba MT;ADESAO;Material Permanente;52 - EQUIPAMENTOS E MATERIAL PERMANENTE;transparencia_excel_23.xls;2023-11-29;2024-11-29
SECRETARIA DE ESTADO DE DESENVOLVIMENTO ECONOMICO;SEDEC-PRO-2023/00523;01258/2024;013/2013/SEDEC;Contratacao de empresa especializada no servicos de Emissao de Certificados Digitais.;0.0;43690572000152;GLOBALSEC TECNOLOGIA DA INFORMACAO LTDA;;12/06/2023 a 10/06/2024;CANCELADO;Av. Presidente Getulio Vargas, n 1077 bairro: Goiabeiras - Cuiaba MT;ADESAO;PRESTAO DE SERVIOS DE TECNOLOGIA DA INFORMAO;40 - SERVICOS DE TECNOLOGIA DA INFORMACAO E COMUNICACAO - PESSOA JURIDICA;transparencia_excel_23.xls;2023-06-12;2024-06-10
SECRETARIA DE ESTADO DE DESENVOLVIMENTO ECONOMICO;;01693/2023;009/2023/SEDEC;O objeto do presente instrumento refere-se a contratacao de empresa especializada na prestacao de servicos de agenciamento e fornecimento de passagens aereas nacionais e internacionais por meio de ferramenta on-line de autoagendamento (self-booking), para;1600000.0;36932853000109;ARARAUNA TURISMO ECOLOGICO LTDA;2023-05-15;15/05/2023 a 15/05/2025;CELEBRADO;Av. Presidente Getulio Vargas, n 1077 bairro: Goiabeiras - Cuiaba MT;PREGAO ELETRONICO;SERVIO DE AGENCIAMENTO DE VIAGENS;33 - PASSAGENS E DEPESAS COM LOCOMOCAO;transparencia_excel_23.xls;2023-05-15;2025-05-15
SECRETARIA DE ESTADO DE DESENVOLVIMENTO ECONOMICO;SEDEC-PRO-2023/00649;02456/2023;021/2023/SEDEC;1.1.	O objeto do presente instrumento refere-se a aquisicao de Condicionadores de Ar (Tipo HI WALL) incluindo instalacao, para atender os Orgaos/Entidades do Poder Executivo do Estado de Mato Grosso, que deriva da adesao a Ata de Registro de Precos no 017;7580.0;05083549000100;JH CORREA COMERCIO DE PRODUTOS ELETROELETRONICOS E PAPELARIA LTDA;2023-07-24;24/07/2023 a 22/07/2024;CELEBRADO;Av. Presidente Getulio Vargas, n 1077 bairro: Goiabeiras - Cuiaba MT;PREGAO ELETRONICO;Material Permanente;52 - EQUIPAMENTOS E MATERIAL PERMANENTE;transparencia_excel_23.xls;2023-07-24;2024-07-22
SECRETARIA DE ESTADO DE DESENVOLVIMENTO ECONOMICO;213297;00882/2020;014/2020/SEDEC;. O objeto do presente contrato e a locacao do imovel urbano, nao residencial, situado a Rua Voluntarios da Patria, no 118, esquina com a Rua Engenheiro Ricardo Franco, Centro Historico de Cuiaba-MT, conforme especificacoes e quantitativos constantes nest;132606.6;00015167828104;Ricardo Jose Simoes de Arruda;2024-02-09;13/02/2024 a 12/02/2025;CELEBRADO;;DISPENSA DE LICITACAO;Locao de Imveis;Locacao de Bens;transparencia_excel_24.xls;2024-02-13;2025-02-12
SECRETARIA DE ESTADO DE DESENVOLVIMENTO ECONOMICO;;00357/2024;004/2024/SEDEC;1.1.	O objeto do presente instrumento refere-se a contratacao de empresa especializada na prestacao de servicos de Desinsetizacao, Dedetizacao, Descupinizacao e Desratizacao com fornecimento de mao de obra qualificada, equipamentos, ferramentas e todos os;23016.29;28955196000197;SORRISO PRIME LTDA;2024-02-09;09/02/2024 a 09/02/2025;CELEBRADO;Av. Presidente Getulio Vargas, n 1077 bairro: Goiabeiras - Cuiaba MT;ADESAO;OUTROS SERVIOS DE TERCEIROS - PESSOA JURDICA;39 - OUTROS SERVICOS DE TERCEIROS - PESSOA JURIDICA;transparencia_excel_24.xls;2024-02-09;2025-02-09
SECRETARIA DE ESTADO DE DESENVOLVIMENTO ECONOMICO;;00171/2024;002/2024/SEDEC;1.1.	O objeto do presente instrumento refere-se a aquisicao de generos alimenticios (cafe em po e cha mate) para atender as demandas da Secretaria de Estado de Desenvolvimento Economico - SEDEC, conforme especificacoes e condicoes tecnicas constantes no E;15336.0;28072565000101;NAKA EXPRESS GENEROS ALIMENTICIOS LTDA;2024-01-16;16/01/2024 a 15/01/2025;CANCELADO;Av. Presidente Getulio Vargas, n 1077 bairro: Goiabeiras - Cuiaba MT;ADESAO;GNEROS DE ALIMENTAO;30 - MATERIAL DE CONSUMO;transparencia_excel_24.xls;2024-01-16;2025-01-15
SECRETARIA DE ESTADO DE DESENVOLVIMENTO ECONOMICO;SEDEC-PRO-2023/02211;00173/2024;003/2024/SEDEC;O objeto do presente instrumento consiste na contratacao de empresa de prestacao de servicos de engenharia para adequacao do sistema de esgotamento e tratamento de efluente (ETE) do Complexo Turistico da Salgadeira, situado na rodovia MT-251, Km 45, no mu;262000.0;51659341000104;ROCHA BORGES ENGENHARIA CIVIL LTDA;2024-01-12;12/01/2024 a 12/06/2024;CELEBRADO;Av. Presidente Getulio Vargas, n 1077 bairro: Goiabeiras - Cuiaba MT;DISPENSA DE LICITACAO LEI 14133/2021;Estudos e Projetos;39 - OUTROS SERVICOS DE TERCEIROS - PESSOA JURIDICA;transparencia_excel_24.xls;2024-01-12;2024-06-12
SECRETARIA DE ESTADO DE DESENVOLVIMENTO ECONOMICO;;00273/2024;002/2024/SEDEC;1.1.	O objeto do presente instrumento refere-se a aquisicao de generos alimenticios (cafe em po e cha mate) para atender as demandas da Secretaria de Estado de Desenvolvimento Economico - SEDEC, conforme especificacoes e condicoes tecnicas constantes no;16422.0;28072565000101;NAKA EXPRESS GENEROS ALIMENTICIOS LTDA;2024-01-16;16/01/2024 a 16/01/2025;CELEBRADO;Av. Presidente Getulio Vargas, n 1077 bairro: Goiabeiras - Cuiaba MT;ADESAO;GNEROS DE ALIMENTAO;30 - MATERIAL DE CONSUMO;transparencia_excel_24.xls;2024-01-16;2025-01-16
SECRETARIA DE ESTADO DE DESENVOLVIMENTO ECONOMICO;;00846/2024;007/2024/SEDEC;1.1.	O objeto do presente instrumento e a contratacao de empresa especializada para fornecer gas de cozinha para atendimento as demandas da Secretaria de Estado de Desenvolvimento Economico - SEDEC, nas condicoes estabelecidas no Termo de Referencia e nes;2808.0;03401442000138;GASOLINI COMERCIO E SERVICOS LTDA;2024-03-15;15/03/2024 a 14/03/2025;CELEBRADO;Av. Presidente Getulio Vargas, n 1077 bairro: Goiabeiras - Cuiaba MT;ADESAO;GS DE COZINHA;30 - MATERIAL DE CONSUMO;transparencia_excel_24.xls;2024-03-15;2025-03-14
SECRETARIA DE ESTADO DE DESENVOLVIMENTO ECONOMICO;SEDEC-PRO-2024/00055;00725/2024;005/2024/SEDEC;O objeto do presente Contrato consiste na contratacao de servico especializado de Recuperacao de Dados de HDs Defeituosos e configuracao de servidor AD para que funcione em conjunto com Storage, para atender as demandas nos termos da tabela abaixo, confor;46200.0;02612905000148;GIOVANNI DAL PONTE ME;2024-03-05;05/03/2024 a 05/05/2024;CELEBRADO;Av. Presidente Getulio Vargas, n 1077 bairro: Goiabeiras - Cuiaba MT;DISPENSA DE LICITACAO LEI 14133/2021;PRESTAO DE SERVIOS DE TECNOLOGIA DA INFORMAO;40 - SERVICOS DE TECNOLOGIA DA INFORMACAO E COMUNICACAO - PESSOA JURIDICA;transparencia_excel_24.xls;2024-03-05;2024-05-05
SECRETARIA DE ESTADO DE DESENVOLVIMENTO ECONOMICO;;00757/2024;006/2024/SEDEC;Contratacao de empresa especializada em telecomunicacoes, que possuam outorga da ANATEL Agencia Nacional de Telecomunicacoes, para prestacao de servicos de Telefonia Movel Pessoal (SMP - Servico Movel Pessoal), na modalidade Local, Servico Telefonico Co;35570.4;02421421000111;TIM S A;2024-03-08;08/03/2024 a 08/09/2026;CELEBRADO;Av. Presidente Getulio Vargas, n 1077 bairro: Goiabeiras - Cuiaba MT;ADESAO;Servios de Telecomunicao;39 - OUTROS SERVICOS DE TERCEIROS - PESSOA JURIDICA;transparencia_excel_24.xls;2024-03-08;2026-09-08
SECRETARIA DE ESTADO DE DESENVOLVIMENTO ECONOMICO;;01837/2024;012/2024/SEDEC;1.1.	O objeto do presente instrumento e a aquisicao de condicionador de ar tipo piso-teto, incluindo instalacao, conforme especificacoes e condicoes tecnicas constantes no Edital e em seus anexos, que deriva da adesao a Ata de Registro de Precos no 019/20;33897.0;36656877000182;ERICA DE FATIMA GENTIL IORIS LTDA;2024-06-07;07/06/2024 a 07/06/2025;CELEBRADO;Av. Presidente Getulio Vargas, n 1077 bairro: Goiabeiras - Cuiaba MT;ADESAO;Material Permanente;52 - EQUIPAMENTOS E MATERIAL PERMANENTE;transparencia_excel_24.xls;2024-06-07;2025-06-07
SECRETARIA DE ESTADO DE DESENVOLVIMENTO ECONOMICO;;01838/2024;013/2024/SEDEC;1.1.	O objeto do presente instrumento refere-se a aquisicao de de smart tvYs, suporte de parede e sistema de videoconferencia, para atender as demandas dos orgaos/entidades do poder Executivo Estadual, conforme especificacoes e condicoes tecnicas constant;57734.4;65149197000251;REPREMIG REPRESENTACAO E COMERCIO DE MINAS GERAIS LTDA;2024-06-10;10/06/2024 a 10/06/2025;CELEBRADO;Av. Presidente Getulio Vargas, n 1077 bairro: Goiabeiras - Cuiaba MT;ADESAO;Material Permanente;52 - EQUIPAMENTOS E MATERIAL PERMANENTE;transparencia_excel_24.xls;2024-06-10;2025-06-10
SECRETARIA DE ESTADO DE DESENVOLVIMENTO ECONOMICO;;01840/2024;014/2024/SEDEC;1.1.	O objeto do presente instrumento refere-se a aquisicao de de smart tvYs, suporte de parede e sistema de videoconferencia, para atender as demandas dos orgaos/entidades do poder Executivo Estadual, conforme especificacoes e condicoes tecnicas constant;85667.48;47298329000144;RV PROFICUO LTDA;2024-06-12;12/06/2024 a 12/06/2025;CELEBRADO;Av. Presidente Getulio Vargas, n 1077 bairro: Goiabeiras - Cuiaba MT;ADESAO;Material Permanente;52 - EQUIPAMENTOS E MATERIAL PERMANENTE;transparencia_excel_24.xls;2024-06-12;2025-06-12
SECRETARIA DE ESTADO DE DESENVOLVIMENTO ECONOMICO;331137;01412/2020;011/2019;Contratacao de empresa especializada na prestacao de servico de vigilancia desarmada e seguranca patrimonial para atender a demanda no complexo Turistico e Historico de Mimoso.;490155.84;26722100000115;TRUNK SEGURANCA EIRELI - EPP;2024-05-10;14/05/2024 a 13/11/2024;CELEBRADO;;PREGAO ELETRONICO;Vigilncia;39 - OUTROS SERVICOS DE TERCEIROS - PESSOA JURIDICA;transparencia_excel_24.xls;2024-05-14;2024-11-13
SECRETARIA DE ESTADO DE DESENVOLVIMENTO ECONOMICO;;01384/2024;008/2024/SEPLAG;1.1.	O objeto do presente instrumento e a aquisicao de condicionador de ar tipo piso-teto, incluindo instalacao, conforme especificacoes e condicoes tecnicas constantes no Edital e em seus anexos, que deriva da adesao a Ata de Registro de Precos no 019/20;11299.0;36656877000182;ERICA DE FATIMA GENTIL IORIS LTDA;2024-04-15;15/04/2024 a 15/04/2025;CELEBRADO;Av. Presidente Getulio Vargas, n 1077 bairro: Goiabeiras - Cuiaba MT;ADESAO;Material Permanente;52 - EQUIPAMENTOS E MATERIAL PERMANENTE;transparencia_excel_24.xls;2024-04-15;2025-04-15
SECRETARIA DE ESTADO DE DESENVOLVIMENTO ECONOMICO;;01388/2024;009/2024/SEDEC;1.1.	O objeto do presente instrumento refere-se a aquisicao de Computadores e Notebooks para atender a demanda dos Orgaos/Entidades do Poder Executivo Estadual, que deriva da adesao a Ata de Registro de Precos no 009/2023/SEPLAG, decorrente do Pregao Elet;125475.0;12477490000281;LIDER NOTEBOOKS COMERCIO E SERVICOS LTDA;2024-04-17;17/04/2024 a 17/04/2025;CELEBRADO;Av. Presidente Getulio Vargas, n 1077 bairro: Goiabeiras - Cuiaba MT;ADESAO;Material Permanente;52 - EQUIPAMENTOS E MATERIAL PERMANENTE;transparencia_excel_24.xls;2024-04-17;2025-04-17
SECRETARIA DE ESTADO DE DESENVOLVIMENTO ECONOMICO;;01503/2024;011/2024/SEDEC;1.1.	O objeto do presente instrumento e a prestacao dos servicos de Telefonia Fixa Comutada, na modalidade Local, Servico Telefonico Comutado de Longa Distancia Nacional LDN e Longa Distancia Internacional LDI (tecnologia E1), originarios de terminais;31601.28;76535764000143;OI S/A;2024-05-09;09/05/2024 a 09/05/2026;CELEBRADO;Av. Presidente Getulio Vargas, n 1077 bairro: Goiabeiras - Cuiaba MT;ADESAO;SERVIO DE TELEFONIA;40 - SERVICOS DE TECNOLOGIA DA INFORMACAO E COMUNICACAO - PESSOA JURIDICA;transparencia_excel_24.xls;2024-05-09;2026-05-09
SECRETARIA DE ESTADO DE DESENVOLVIMENTO ECONOMICO;93540;00833/2020;007/2020;O objeto do presente instrumento refere-se a contratacao de empresa especializada em coleta e entrega de documentos e pequenas cargas, sendo servicos nao realizados pela empresa Brasileira de correios e telegrafos - ECT, por meio de motocicleta com bau e;32400.0;08967189000106;ANDRE CABRAL DE AQUINO EIRELI ME;2024-05-13;20/05/2024 a 18/05/2025;CELEBRADO;;ADESAO;Manuteno de Mveis e Equip.;39 - OUTROS SERVICOS DE TERCEIROS - PESSOA JURIDICA;transparencia_excel_24.xls;2024-05-20;2025-05-18
SECRETARIA DE ESTADO DE DESENVOLVIMENTO ECONOMICO;;02054/2024;019/2024/SEDEC;1.1.	O objeto do presente instrumento refere-se a aquisicao de Computadores para atender a demanda dos Orgaos/Entidades do Poder Executivo Estadual, que deriva da adesao a Ata de Registro de Precos no 009/2023/SEPLAG, decorrente do Pregao Eletronico no 02;810427.5;12477490000281;LIDER NOTEBOOKS COMERCIO E SERVICOS LTDA;2024-07-12;12/07/2024 a 12/07/2025;CELEBRADO;Av. Presidente Getulio Vargas, n 1077 bairro: Goiabeiras - Cuiaba MT;ADESAO;Material Permanente;52 - EQUIPAMENTOS E MATERIAL PERMANENTE;transparencia_excel_24.xls;2024-07-12;2025-07-12
SECRETARIA DE ESTADO DE DESENVOLVIMENTO ECONOMICO;;00932/2020;015/2020;Contratacao de empresa especializada em prestacao de servicos de manutencao preventiva e corretiva, sem fornecimento de pecas, no elevador da Secretaria de Estado de Desenvolvimento Economico/SEDEC-MT.;7195.08;26775577000169;ELEVAMAT CONSERVADORA DE ELEVADORES LTDA EPP;2023-08-21;23/08/2024 a 21/08/2025;CELEBRADO;;PREGAO ELETRONICO;Manuteno de Mveis e Equip.;39 - OUTROS SERVICOS DE TERCEIROS - PESSOA JURIDICA;transparencia_excel_24.xls;2024-08-23;2025-08-21
SECRETARIA DE ESTADO DE DESENVOLVIMENTO ECONOMICO;;02232/2024;028/2024/SEDEC;O objeto do presente instrumento e aquisicao de material permanente: CAMINHAO PIPA - Zero km, ano de modelo corrente, cabine frontal, tracao 6x2, motor a diesel, potencia minima de 255 CV, equipado com tanque pipa de no minimo 15.000 litros, de acordo com;2480000.0;07811058000164;M. DIESEL CAMINHOES E ONIBUS LIMITADA;2024-07-26;26/07/2024 a 26/07/2025;ATIVO;Av. Presidente Getulio Vargas, n 1077 bairro: Goiabeiras - Cuiaba MT;ADESAO;Material Permanente;52 - EQUIPAMENTOS E MATERIAL PERMANENTE;transparencia_excel_24.xls;2024-07-26;2025-07-26
SECRETARIA DE ESTADO DE DESENVOLVIMENTO ECONOMICO;;02233/2024;029/2024/SEDEC;1.1.	O objeto do presente instrumento refere-se a contratacao de empresa especializada na prestacao de Servicos de Locacao de Veiculos Administrativos, categorias diversas (sem motorista e sem combustivel), devidamente licenciados junto ao DETRAN, com qui;353424.0;27595780000116;CS BRASIL FROTAS S.A;2024-07-26;26/07/2024 a 26/07/2026;CELEBRADO;Av. Presidente Getulio Vargas, n 1077 bairro: Goiabeiras - Cuiaba MT;ADESAO;OUTROS SERVIOS DE TERCEIROS - PESSOA JURDICA;39 - OUTROS SERVICOS DE TERCEIROS - PESSOA JURIDICA;transparencia_excel_24.xls;2024-07-26;2026-07-26
SECRETARIA DE ESTADO DE DESENVOLVIMENTO ECONOMICO;SEDEC-PRO-2024/00843;02307/2024;030/2024/SEDEC;Contratacao de empresa para participacao em Rodadas de negocios internacionais para promocao e divulgacao do Estado de Mato Grosso como destino turistico em quatro paises: Argentina, Chile, Bolivia e Peru no evento MEETING BRASIL LATIN AMERICA 2024 que oc;147000.0;27063418000102;J. PASQUINI ORGANIZACAO E PROMOCAO DE EVENTOS EIRELI;2024-08-08;08/08/2024 a 08/11/2024;CELEBRADO;Av. Pres. Getulio Vargas, 1077, Bairro: Goiabeiras, Cuiaba-MT, CEP: 78032-000;INEXIGIBILIDADE LEI 14133/2021;OUTROS SERVIOS DE TERCEIROS - PESSOA JURDICA;39 - OUTROS SERVICOS DE TERCEIROS - PESSOA JURIDICA;transparencia_excel_24.xls;2024-08-08;2024-11-08
SECRETARIA DE ESTADO DE DESENVOLVIMENTO ECONOMICO;;02074/2024;021/2024/SEDEC;1.1.	O objeto do presente instrumento e a contratacao de empresa especializada para o fornecimento de de agua mineral natural e vasilhames de acondicionamento, para atender as demandas dos Orgaos/Entidades do Poder Executivo Estadual, no ambito de Cuiaba;1238.76;01354498000153;UGOLINI CAMPOS LTDA;2024-07-12;12/07/2024 a 12/07/2026;CELEBRADO;Av. Presidente Getulio Vargas, n 1077 bairro: Goiabeiras - Cuiaba MT;ADESAO;GNEROS DE ALIMENTAO;30 - MATERIAL DE CONSUMO;transparencia_excel_24.xls;2024-07-12;2026-07-12
SECRETARIA DE ESTADO DE DESENVOLVIMENTO ECONOMICO;;01944/2024;015/2024/SEDEC;1.1.	O objeto do presente instrumento refere-se a aquisicao de COPOS DESCARTAVEIS para atender as demandas dos Orgaos/Entidades do Poder Executivo Estadual, que deriva da adesao a Ata de Registro de Precos no 015/2023/SEPLAG, decorrente do Pregao Eletroni;13390.5;28072565000101;NAKA EXPRESS GENEROS ALIMENTICIOS LTDA;2024-06-20;20/06/2024 a 19/06/2026;CELEBRADO;Av. Presidente Getulio Vargas, n 1077 bairro: Goiabeiras - Cuiaba MT;ADESAO;GNEROS DE ALIMENTAO;30 - MATERIAL DE CONSUMO;transparencia_excel_24.xls;2024-06-20;2026-06-19
SECRETARIA DE ESTADO DE DESENVOLVIMENTO ECONOMICO;;00844/2020;013/2020;Contratacao de empresa especializada em prestacao de servicos de manutencao preventiva e corretiva, com fornecimento de pecas, de catraca eletronica de acesso para atender a Secretaria de Estado de Desenvolvimento Economico/SEDEC.;6612.48;00551775000155;D.I COMERCIO E SERVICOS LTDA EPP;2024-06-27;12/08/2024 a 12/07/2025;CELEBRADO;;PREGAO ELETRONICO;Manuteno de Mveis e Equip.;39 - OUTROS SERVICOS DE TERCEIROS - PESSOA JURIDICA;transparencia_excel_24.xls;2024-08-12;2025-07-12
SECRETARIA DE ESTADO DE DESENVOLVIMENTO ECONOMICO;;00169/2024;001/2024/SEDEC;1.1.	O objeto do presente instrumento refere-se a aquisicao de generos alimenticios acucar, para atender a demanda da Secretaria de Estado de Desenvolvimento Economico - SEDEC;3642.0;02545557000133;COMERCIAL LUAR LTDA;2024-01-16;16/01/2024 a 15/01/2025;CELEBRADO;Av. Presidente Getulio Vargas, n 1077 bairro: Goiabeiras - Cuiaba MT;ADESAO;GNEROS DE ALIMENTAO;30 - MATERIAL DE CONSUMO;transparencia_excel_24.xls;2024-01-16;2025-01-15
SECRETARIA DE ESTADO DE DESENVOLVIMENTO ECONOMICO;;01975/2024;016/2024/SEDEC;1.1.	O objeto do presente instrumento refere-se a aquisicao de Computadores e Notebooks para atender a demanda da Secretaria de Estado de Desenvolvimento Economico, que deriva da adesao a Ata de Registro de Precos no 016/2023/SEPLAG, decorrente do Pregao;40571.55;65149197000251;REPREMIG REPRESENTACAO E COMERCIO DE MINAS GERAIS LTDA;2024-06-28;28/06/2024 a 28/06/2025;CELEBRADO;Av. Presidente Getulio Vargas, n 1077 bairro: Goiabeiras - Cuiaba MT;ADESAO;Material Permanente;52 - EQUIPAMENTOS E MATERIAL PERMANENTE;transparencia_excel_24.xls;2024-06-28;2025-06-28
SECRETARIA DE ESTADO DE DESENVOLVIMENTO ECONOMICO;SEDEC-PRO-2023/02095;02037/2024;017/2024/SEDEC;O objeto do presente instrumento e a contratacao de instituicao especializada com a finalidade de realizacao de todas as etapas de processo seletivo simplificado, destinado ao provimento de profissionais temporarios e formacao de cadastro de reserva, por;51800.0;24465407000152;INSTITUTO NACIONAL DE SELECOES E CONCURSOS-SELECON;2024-07-05;05/07/2024 a 05/01/2025;CELEBRADO;Av. Presidente Getulio Vargas, n 1077 bairro: Goiabeiras - Cuiaba MT;DISPENSA DE LICITACAO;OUTROS SERVIOS DE TERCEIROS - PESSOA JURDICA;39 - OUTROS SERVICOS DE TERCEIROS - PESSOA JURIDICA;transparencia_excel_24.xls;2024-07-05;2025-01-05
SECRETARIA DE ESTADO DE DESENVOLVIMENTO ECONOMICO;;02050/2024;018/2024/SEDEC;1.1.	O objeto do presente instrumento refere-se a aquisicao de Notebooks para atender a demanda dos Orgaos/Entidades do Poder Executivo Estadual, que deriva da adesao a Ata de Registro de Precos no 009/2023/SEPLAG, decorrente do Pregao Eletronico no 021/2;115113.5;81243735001977;POSITIVO TECNOLOGIA S/A.(MANAUS);2024-07-12;12/07/2024 a 12/07/2025;CELEBRADO;Av. Presidente Getulio Vargas, n 1077 bairro: Goiabeiras - Cuiaba MT;ADESAO;Material Permanente;52 - EQUIPAMENTOS E MATERIAL PERMANENTE;transparencia_excel_24.xls;2024-07-12;2025-07-12
SECRETARIA DE ESTADO DE DESENVOLVIMENTO ECONOMICO;;02229/2024;026/2024/SEDEC;1.1.	O objeto do presente instrumento refere-se a contratacao de empresa especializada na prestacao de Servicos de Locacao de Veiculos Administrativos, categorias diversas (sem motorista e sem combustivel), devidamente licenciados junto ao DETRAN, com qui;53520.0;23207454000133;ART CAR VEICULOS LTDA;2024-07-25;25/07/2024 a 25/07/2026;CELEBRADO;Av. Presidente Getulio Vargas, n 1077 bairro: Goiabeiras - Cuiaba MT;ADESAO;OUTROS SERVIOS DE TERCEIROS - PESSOA JURDICA;39 - OUTROS SERVICOS DE TERCEIROS - PESSOA JURIDICA;transparencia_excel_24.xls;2024-07-25;2026-07-25
SECRETARIA DE ESTADO DE DESENVOLVIMENTO ECONOMICO;;03258/2024;039/2024/SEDEC;1.1.	O objeto do presente instrumento e a prestacao dos servicos continuado de jardinagem, com fornecimento de mao de obra e insumos diversos necessarios a execucao dos servicos, compreendendo as areas internas e externas, dos bens moveis e imoveis, de na;172505.28;25453131000155;UMJ LTDA;2024-12-03;03/12/2024 a 03/12/2026;CELEBRADO;Av. Pres. Getulio Vargas, 1077, Bairro: Goiabeiras, Cuiaba-MT, CEP: 78032-000;ADESAO;SERVIOS PROFISSIONAIS MDICOS;36 - OUTROS SERVICOS DE TERCEIROS - PESSOA FISICA;transparencia_excel_24.xls;2024-12-03;2026-12-03
SECRETARIA DE ESTADO DE DESENVOLVIMENTO ECONOMICO;SEDEC-PRO-2024/01781;03273/2024;041/2024/SEDEC;1.1.	O objeto do presente instrumento e a prestacao dos servicos de vigilancia ostensiva desarmada, para atender as demandas da SEDEC, nos termos da tabela abaixo e nas condicoes estabelecidas no Termo de Referencia. 1.2.	Vinculam esta contratacao, indepe;488400.0;28312078000160;G.I.R.O VIGILANCIA E SEGURANCA EIRELI - ME;2024-12-06;06/12/2024 a 06/12/2026;CELEBRADO;Av. Pres. Getulio Vargas, 1077, Bairro: Goiabeiras, Cuiaba-MT, CEP: 78032-000;PREGAO ELETRONICO;SERVIOS DE VIGILNCIA;37 - LOCACAO DE MAO-DE-OBRA;transparencia_excel_24.xls;2024-12-06;2026-12-06
SECRETARIA DE ESTADO DE DESENVOLVIMENTO ECONOMICO;SEDEC-PRO-2024/01781;03279/2024;042/2024/SEDEC;1.1.	O objeto do presente instrumento e a prestacao dos servicos de vigilancia ostensiva desarmada, para atender as demandas da SEDEC, nos termos da tabela abaixo e nas condicoes estabelecidas no Termo de Referencia. 1.2.	Vinculam esta contratacao, indepe;517920.0;28312078000160;G.I.R.O VIGILANCIA E SEGURANCA EIRELI - ME;2024-12-06;06/12/2024 a 06/12/2026;CELEBRADO;LOTE 2 - COMPLEXO TURISTICO E HISTORICO DE MIMOSO MEMORIAL CNDIDO RONDON SANTO ANTONIO DE LEVERGE;PREGAO ELETRONICO;SERVIOS DE VIGILNCIA;37 - LOCACAO DE MAO-DE-OBRA;transparencia_excel_24.xls;2024-12-06;2026-12-06
SECRETARIA DE ESTADO DE DESENVOLVIMENTO ECONOMICO;SEDEC-PRO-2024/01884;03296/2024;043/2024/SEDEC;O objeto do presente instrumento consiste na contratacao de empresa especializada para prestacao de servicos em operacionalizacao, monitoramento e manutencao da ETE - Estacao de Tratamento de Efluente do Complexo Turistico da Salgadeira, situado na Rodovi;303465.96;08015621000150;LAPROTEC SERVICOS GERAIS DE MEIO AMBIENTE LTDA;2024-12-13;13/12/2024 a 13/12/2025;CELEBRADO;Av. Pres. Getulio Vargas, 1077, Bairro: Goiabeiras, Cuiaba-MT, CEP: 78032-000;DISPENSA DE LICITACAO LEI 14133/2021;OUTROS SERVIOS DE TERCEIROS - PESSOA JURDICA;39 - OUTROS SERVICOS DE TERCEIROS - PESSOA JURIDICA;transparencia_excel_24.xls;2024-12-13;2025-12-13
SECRETARIA DE ESTADO DE DESENVOLVIMENTO ECONOMICO;;00476/2022;009/2022;1.1	O objeto do presente instrumento refere-se a contratacao de empresa especializada na prestacao de servicos continuados de MANUTENCAO PREVENTIVA E CORRETIVA EM APARELHOS DE CONDICIONADOR DE AR, exceto em sistemas de condicionador de ar central, incluin;24204.0;18523063000198;A M DE ABREU EIRELI ME;2024-04-04;04/04/2024 a 04/04/2025;CELEBRADO;Secretaria de Estado de Desenvolvimento Economico - SEDEC;PREGAO ELETRONICO;Manuteno de Ar Condicionado;39 - OUTROS SERVICOS DE TERCEIROS - PESSOA JURIDICA;transparencia_excel_24.xls;2024-04-04;2025-04-04
SECRETARIA DE ESTADO DE DESENVOLVIMENTO ECONOMICO;179862;01373/2021;029/2021;O objeto do presente instrumento refere-se a contratacao de empresa especializada em servicos de Publicacao de Materias em Jornais de Grande Circulacao Diaria Nacional, para atender a demanda de publicacao dos atos normativos e nao normativos da Secretari;7145.0;18876112000176;GIBBOR PUBLICIDADE E PUBLICACOES DE EDITAIS LTDA EPP;2024-09-11;10/09/2024 a 12/09/2025;CELEBRADO;;PREGAO ELETRONICO;Servio de Publicao de Matria em Jornal;39 - OUTROS SERVICOS DE TERCEIROS - PESSOA JURIDICA;transparencia_excel_24.xls;2024-09-10;2025-09-12
SECRETARIA DE ESTADO DE DESENVOLVIMENTO ECONOMICO;SEDEC-PRO-2024/01062;02767/2024;032/2024/SEDEC;Contratacao de empresa no ramo de eventos especificos para locacao de espaco, montagem e desmontagem, mobiliarios em geral e comunicacao visual de estande institucional para participacao do Estado de Mato Grosso, por meio da Secretaria de Estado de Desenv;199900.0;29556151000102;A7 SUPERIORI REALIZACOES LTDA;2024-09-13;13/09/2024 a 13/12/2024;CELEBRADO;Santa Cruz de La Sierra;PREGAO ELETRONICO;Eventos;39 - OUTROS SERVICOS DE TERCEIROS - PESSOA JURIDICA;transparencia_excel_24.xls;2024-09-13;2024-12-13
SECRETARIA DE ESTADO DE DESENVOLVIMENTO ECONOMICO;;02769/2024;034/2024/SEDEC;1.1.	O objeto do presente instrumento e a prestacao dos servicos de MANUTENCAO PREDIAL, consistindo em instalacao, montagem, reparacao e adaptacao, com fornecimento de pecas, equipamentos, materiais e mao de obra, sendo a remuneracao por maior desconto ap;1392310.9;36909349000198;TMF CONSTRUCOES, IMCORPORACAO E SERVICOS LTDA;2024-09-18;18/09/2024 a 18/09/2026;CELEBRADO;Terminal de Turismo Social e Lazer da Salgadeira;ADESAO;Obras de Infra-Estrutura;51 - OBRAS E INSTALACOES;transparencia_excel_24.xls;2024-09-18;2026-09-18
SECRETARIA DE ESTADO DE DESENVOLVIMENTO ECONOMICO;SEDEC-PRO-2024/00728;02889/2024;035/2024/SEDEC;O objeto do presente instrumento consiste na contratacao integrada de empresa especializada em engenharia e arquitetura para a atualizacao dos projetos de Arquitetura, Complementares e Executivos, bem como sua planilha orcamentaria dos servicos a serem ex;6367445.97;15947153000118;ELEPAR ELETRECIDADE E CONST. LTDA;2024-09-25;25/09/2024 a 24/09/2025;ATIVO;Centro de Eventos de Tangara da Serra - MT, localizada na Rodovia MT-358, ao lado do Parque de Expos;DISPENSA DE LICITACAO LEI 14133/2021;Reforma de Imveis;51 - OBRAS E INSTALACOES;transparencia_excel_24.xls;2024-09-25;2025-09-24
SECRETARIA DE ESTADO DE DESENVOLVIMENTO ECONOMICO;;03093/2024;037/2024/SEDEC;O presente contrato tem como objeto a contratacao, atraves da adesao carona a Ata de registro de precos nA 37/2023 do Tribunal de Contas do Estado de Santa Catarina TCE/SC, de empresa especializada no fornecimento de solucao para modernizacao de equipam;766689.98;58619404000814;SEAL TELECOM COMERCIO E SERVICOS DE TELECOMUNICACOES LTDA.;;21/11/2024 a 21/11/2025;CANCELADO;Av. Pres. Getulio Vargas, 1077, Bairro: Goiabeiras, Cuiaba-MT, CEP: 78032-000;ADESAO;Material Permanente;52 - EQUIPAMENTOS E MATERIAL PERMANENTE;transparencia_excel_24.xls;2024-11-21;2025-11-21
SECRETARIA DE ESTADO DE DESENVOLVIMENTO ECONOMICO;285294;01558/2021;031/2021;O objeto do presente instrumento refere-se a contratacao de empresa especializada na prestacao de servicos de manutencao preventiva e corretiva, com fornecimento de materiais e pecas, desmontagem, transporte e remontagem de sistemas de arquivos deslizante;31903.2;03072631000104;SUPRIDATAS COMERCIO DE MOVEIS LTDA;2024-09-23;01/10/2024 a 30/09/2025;CELEBRADO;;PREGAO ELETRONICO;Servios de Apoio Administrativo, Tcnico e Operacional;39 - OUTROS SERVICOS DE TERCEIROS - PESSOA JURIDICA;transparencia_excel_24.xls;2024-10-01;2025-09-30
SECRETARIA DE ESTADO DE DESENVOLVIMENTO ECONOMICO;SEDEC-PRO-2024/02863;00017/2025;046/2024/SEDEC;"O objeto deste Contrato e a contratacao de Capacitacao pessoal - Curso in Company sobre: servico especializado para aquisicao de 40 (quarenta ) inscricoes no curso de capacitacao e treinamento ""ASPECTOS LEGAIS, ECONOMICOS E REGULATORIOS DO";387720.0;01979657000105;INSTITUTO CAPACITACAO E POS GRADUACOES LTDA - EPP;2024-12-30;30/12/2024 a 30/03/2025;CELEBRADO;Av. Presidente Getulio Vargas, n 1077 bairro: Goiabeiras - Cuiaba MT;INEXIGIBILIDADE;Capacitao de Pessoal;39 - OUTROS SERVICOS DE TERCEIROS - PESSOA JURIDICA;transparencia_excel_24.xls;2024-12-30;2025-03-30
SECRETARIA DE ESTADO DE DESENVOLVIMENTO ECONOMICO;;03404/2024;044/2024/SEDEC;1.1.	O objeto do presente instrumento e a aquisicao de condicionador de ar tipo piso-teto, incluindo instalacao, conforme especificacoes e condicoes tecnicas constantes no Edital e em seus anexos, que deriva da adesao a Ata de Registro de Precos no 006/20;131860.0;77941490000155;GAZIN INDUSTRIA E COMERCIO DE MOVEIS E ELETRODOMESTICOS S.A;2024-12-26;26/12/2024 a 26/12/2025;CELEBRADO;Av. Pres. Getulio Vargas, 1077, Bairro: Goiabeiras, Cuiaba-MT, CEP: 78032-000;ADESAO;Material Permanente;52 - EQUIPAMENTOS E MATERIAL PERMANENTE;transparencia_excel_24.xls;2024-12-26;2025-12-26
SECRETARIA DE ESTADO DE DESENVOLVIMENTO ECONOMICO;;03411/2024;045/2024/SEDEC;O objeto do presente instrumento e aquisicao de material permanente: CAMINHAO PIPA - Zero km, ano de modelo corrente, cabine frontal, tracao 6x2, motor a diesel, potencia minima de 255 CV, equipado com tanque pipa de no minimo 15.000 litros, de acordo com;1860000.0;07811058000164;M. DIESEL CAMINHOES E ONIBUS LIMITADA;2024-12-26;26/12/2024 a 26/12/2025;CELEBRADO;Av. Pres. Getulio Vargas, 1077, Bairro: Goiabeiras, Cuiaba-MT, CEP: 78032-000;ADESAO;Material Permanente;52 - EQUIPAMENTOS E MATERIAL PERMANENTE;transparencia_excel_24.xls;2024-12-26;2025-12-26
SECRETARIA DE ESTADO DE DESENVOLVIMENTO ECONOMICO;SEDEC-PRO-2024/00724;02231/2024;027/2024/SEDEC;O objeto do presente instrumento consiste na contratacao integrada de empresa especializada em engenharia e arquitetura para a atualizacao dos projetos de Arquitetura, Complementares e Executivos, bem como sua planilha orcamentaria dos servicos a serem ex;5023402.76;15947153000118;ELEPAR ELETRECIDADE E CONST. LTDA;2025-02-26;25/07/2024 a 25/07/2025;CELEBRADO;CENTRO DE EVENTOS - BARRA DO GARCAS/MT;DISPENSA DE LICITACAO LEI 14133/2021;Reforma de Imveis;51 - OBRAS E INSTALACOES;transparencia_excel_24.xls;2024-07-25;2025-07-25
SECRETARIA DE ESTADO DE DESENVOLVIMENTO ECONOMICO;403961;00060/2020;015/2019/SEDEC;Contratacao de empresa especializada na prestacao de servicos de Suporte Tecnico, Configuracao e Treinamento em CENTRAL TELEFONICA PABX DIGITAL para a Secretaria de Estado de Estado de Desenvolvimento Economico SEDEC e na Secretaria Adjunta de Turismo -;16694.28;33228064000101;SERVICE NETWORK COMERCIO E SERVICOS DE TECNOLOGIA LTDA;2024-12-20;21/12/2024 a 20/12/2025;CELEBRADO;;OUTRAS;Servios Tcnicos Profissionais;39 - OUTROS SERVICOS DE TERCEIROS - PESSOA JURIDICA;transparencia_excel_24.xls;2024-12-21;2025-12-20
SECRETARIA DE ESTADO DE DESENVOLVIMENTO ECONOMICO;;00522/2023;048/2022/SEDEC;1.1	O objeto do presente instrumento refere-se a contratacao de empresa especializada na prestacao de servicos continuados de Abastecimento e Controle do Fornecimento de Combustiveis (Etanol comum e Diesel S10) em rede de postos credenciados no ter;309675.0;05340639000130;PRIME CONSULTORIA E ASSESSORIA EMPRESARIAL LTDA;2024-12-19;31/12/2024 a 30/12/2025;CELEBRADO;Av. Presidente Getulio Vargas, n 1077 bairro: Goiabeiras - Cuiaba MT;PREGAO ELETRONICO;MATERIAL DE EXPEDIENTE;30 - MATERIAL DE CONSUMO;transparencia_excel_24.xls;2024-12-31;2025-12-30
SECRETARIA DE ESTADO DE DESENVOLVIMENTO ECONOMICO;;01783/2022;034/2022/SEDEC;O objeto do presente instrumento refere-se a contratacao de empresa especializada na prestacao de servico continuado de limpeza, asseio, conservacao, com fornecimento de mao de obra e insumos diversos necessarios a execucao dos servicos, compreendendo as;324792.0;07192414000109;COSTA OESTE SERVICOS LTDA;2024-09-02;10/09/2024 a 12/09/2025;CELEBRADO;Av. Presidente Getulio Vargas, n 1077 bairro: Goiabeiras - Cuiaba MT;PREGAO ELETRONICO;Limpeza;39 - OUTROS SERVICOS DE TERCEIROS - PESSOA JURIDICA;transparencia_excel_24.xls;2024-09-10;2025-09-12
SECRETARIA DE ESTADO DE DESENVOLVIMENTO ECONOMICO;SEDEC-PRO-2024/01487;02167/2024;024/2024/SEDEC;1.1.	O objeto do presente instrumento refere-se a contratacao de empresa especializada na prestacao de servico de motorista para atender a demanda da Secretaria de Estado de Desenvolvimento Economico, que deriva da adesao a Ata de Registro de Precos no 01;1261238.32;08744139000151;G&E SERVICOS TERCEIRIZADOS LTDA;2024-07-12;12/07/2024 a 12/07/2026;CELEBRADO;Av. Presidente Getulio Vargas, n 1077 bairro: Goiabeiras - Cuiaba MT;ADESAO;OUTROS SERVIOS DE TERCEIROS - PESSOA JURDICA;39 - OUTROS SERVICOS DE TERCEIROS - PESSOA JURIDICA;transparencia_excel_24.xls;2024-07-12;2026-07-12
SECRETARIA DE ESTADO DE DESENVOLVIMENTO ECONOMICO;SEDEC-PRO-2023/00521;01500/2024;010/2024/SEDEC;1.1.	O objeto do presente instrumento e a prestacao dos servicos especializado de garcom de natureza continuada que subsidiarao desde a realizacao de reunioes administrativas ate eventos institucionais, atendendo as demandas da Secretaria de Estado de Des;206742.72;20842298000194;PONTUAL SOLUCOES E SERVICOS LTDA;2024-05-02;02/05/2024 a 02/05/2026;CELEBRADO;Av. Presidente Getulio Vargas, n 1077 bairro: Goiabeiras - Cuiaba MT;PREGAO ELETRONICO;OUTROS SERVIOS DE TERCEIROS - PESSOA JURDICA;39 - OUTROS SERVICOS DE TERCEIROS - PESSOA JURIDICA;transparencia_excel_24.xls;2024-05-02;2026-05-02
SECRETARIA DE ESTADO DE DESENVOLVIMENTO ECONOMICO;;02076/2024;022/2024/SEDEC;1.1.	O objeto do presente instrumento e a contratacao de empresa especializada no fornecimento de agua mineral natural com capacidade de 20 (vinte) litros para atender as demandas dos Orgaos/Entidades do Poder Executivo Estadual, no ambito de Cuiaba e Var;45600.0;01354498000153;UGOLINI CAMPOS LTDA;2024-07-12;12/07/2024 a 12/07/2026;CELEBRADO;Av. Presidente Getulio Vargas, n 1077 bairro: Goiabeiras - Cuiaba MT;ADESAO;GNEROS DE ALIMENTAO;30 - MATERIAL DE CONSUMO;transparencia_excel_24.xls;2024-07-12;2026-07-12
SECRETARIA DE ESTADO DE DESENVOLVIMENTO ECONOMICO;SEDEC-PRO-2024/01487;02162/2024;023/2024/SEDEC;1.1.	O objeto do presente instrumento refere-se a contratacao de empresa especializada na prestacao de servico de motorista para atender a demanda da Secretaria de Estado de Desenvolvimento Economico- SEDEC, que deriva da adesao a Ata de Registro de Preco;476956.16;09626435000110;MEDEIROS & CURVO LTDA;2024-07-12;12/07/2024 a 12/07/2026;CELEBRADO;Av. Presidente Getulio Vargas, n 1077 bairro: Goiabeiras - Cuiaba MT;ADESAO;OUTROS SERVIOS DE TERCEIROS - PESSOA JURDICA;39 - OUTROS SERVICOS DE TERCEIROS - PESSOA JURIDICA;transparencia_excel_24.xls;2024-07-12;2026-07-12
SECRETARIA DE ESTADO DE DESENVOLVIMENTO ECONOMICO;288203;01464/2021;027/2021;1 O objeto do presente instrumento refere-se a contratacao de empresa especializada em prestacao de servicos continuos de terceirizacao de mao-de-obra de Recepcionista, para atender a demanda da Secretaria de Estado de Desenvolvimento Economico, que deri;264720.0;79283065000141;ORBENK ADMINISTRACAO E SERVICOS LTDA.;2025-08-25;26/08/2024 a 25/08/2026;CELEBRADO;;PREGAO ELETRONICO;Servios de Apoio Administrativo, Tcnico e Operacional;39 - OUTROS SERVICOS DE TERCEIROS - PESSOA JURIDICA;transparencia_excel_24.xls;2024-08-26;2026-08-25
SECRETARIA DE ESTADO DE DESENVOLVIMENTO ECONOMICO;;03227/2024;038/2024/SEDEC;O objeto do presente instrumento e a contratacao de empresa especializada na prestacao de servicos de agenciamento e fornecimento de passagens aereas nacionais e internacionais por meio de ferramenta on-line de autoagendamento (self-booking), para atend;1217500.0;27829511000177;BILACORP VIAGENS E TURISMO LTDA EPP;2025-12-04;06/12/2024 a 06/12/2026;CELEBRADO;Av. Pres. Getulio Vargas, 1077, Bairro: Goiabeiras, Cuiaba-MT, CEP: 78032-000;ADESAO;SERVIO DE AGENCIAMENTO DE VIAGENS;33 - PASSAGENS E DEPESAS COM LOCOMOCAO;transparencia_excel_24.xls;2024-12-06;2026-12-06
SECRETARIA DE ESTADO DE DESENVOLVIMENTO ECONOMICO;;02896/2024;036/2024/SEDEC;1.1.	O objeto do presente instrumento e a prestacao dos servicos especializados no fornecimento de mao de obra para prestacao de servicos continuados de Apoio Administrativo para os perfis Auxiliar Administrativo e Auxiliar Operacional Administrativo, nas;523944.0;10661161000180;LUA SERVICOS EIRELI ME;2026-02-09;16/10/2024 a 15/10/2026;CELEBRADO;Av. Presidente Getulio Vargas, n 1077 bairro: Goiabeiras - Cuiaba MT;ADESAO;Oficial Administrativo/Tcnico de Suporte;37 - LOCACAO DE MAO-DE-OBRA;transparencia_excel_24.xls;2024-10-16;2026-10-15
SECRETARIA DE ESTADO DE DESENVOLVIMENTO ECONOMICO;;03114/2024;037/2024/SEDEC;O presente contrato tem como objeto a contratacao, atraves da adesao carona a Ata de registro de precos nA 37/2023 do Tribunal de Contas do Estado de Santa Catarina TCE/SC, de empresa especializada no fornecimento de solucao para modernizacao de equipam;766709.98;58619404000814;CONVERGINT COMERCIO E SERVICOS DE TECNOLOGIA LTDA;2024-11-21;21/11/2024 a 21/11/2025;CELEBRADO;Av. Pres. Getulio Vargas, 1077, Bairro: Goiabeiras, Cuiaba-MT, CEP: 78032-000;ADESAO;Material Permanente;52 - EQUIPAMENTOS E MATERIAL PERMANENTE;transparencia_excel_24.xls;2024-11-21;2025-11-21
SECRETARIA DE ESTADO DE DESENVOLVIMENTO ECONOMICO;470394;00129/2020;01/2020/SEDEC;PRESTACAO DE SERVICOS DE VIGILANCIA ARMADA;257198.28;08282957000180;PANTANAL VIGILANCIA E SEGURANCA LTDA.;2024-12-20;22/01/2025 a 21/01/2026;CELEBRADO;;PREGAO PRESENCIAL;Vigilncia;39 - OUTROS SERVICOS DE TERCEIROS - PESSOA JURIDICA;transparencia_excel_25.xls;2025-01-22;2026-01-21
SECRETARIA DE ESTADO DE DESENVOLVIMENTO ECONOMICO;;00532/2023;002/2023/SEDEC;O presente contrato tem como objeto a contratacao de empresa especializada em prestacao de servicos continuos de manutencao preventiva e corretiva de 02 (dois) aparelhos condicionadores de ar do tipo central, incluindo fornecimento de pecas (quando necess;69188.64;25191599000119;TOP COMERCIO E SERVICOS LTDA;2025-01-24;26/01/2025 a 25/01/2027;CELEBRADO;Av. Presidente Getulio Vargas, n 1077 bairro: Goiabeiras - Cuiaba MT;PREGAO ELETRONICO;Manuteno de Ar Condicionado;39 - OUTROS SERVICOS DE TERCEIROS - PESSOA JURIDICA;transparencia_excel_25.xls;2025-01-26;2027-01-25
SECRETARIA DE ESTADO DE DESENVOLVIMENTO ECONOMICO;SEDEC-PRO-2024/02301;00386/2025;002/2025/SEDEC;O objeto do presente instrumento refere-se a aquisicao de generos alimenticios (cafe em po e acucar cristal) para atender as demandas da Secretaria de Estado de Desenvolvimento Economico - SEDEC, conforme especificacoes e condicoes tecnicas constantes no;51636.0;45322752000107;M. DE N. D. MOREIRA;2025-01-29;29/01/2025 a 29/01/2027;CELEBRADO;Av. Pres. Getulio Vargas, 1077, Bairro: Goiabeiras, Cuiaba-MT, CEP: 78032-000;DISPENSA DE LICITACAO LEI 14133/2021;GNEROS DE ALIMENTAO;30 - MATERIAL DE CONSUMO;transparencia_excel_25.xls;2025-01-29;2027-01-29
SECRETARIA DE ESTADO DE DESENVOLVIMENTO ECONOMICO;SEDEC-PRO-2024/02301;00387/2025;003/2025/SEDEC;O objeto do presente instrumento refere-se a aquisicao de generos alimenticios (cha mate) para atender as demandas da Secretaria de Estado de Desenvolvimento Economico - SEDEC, conforme especificacoes e condicoes tecnicas constantes no Termo de Referencia;2454.0;27981389000150;NABELLA COMERCIO DE PRODUTOS ALIMENTICIOS EIRELI;2025-01-29;29/01/2025 a 29/01/2027;CELEBRADO;Av. Pres. Getulio Vargas, 1077, Bairro: Goiabeiras, Cuiaba-MT, CEP: 78032-000;DISPENSA DE LICITACAO LEI 14133/2021;GNEROS DE ALIMENTAO;30 - MATERIAL DE CONSUMO;transparencia_excel_25.xls;2025-01-29;2027-01-29
SECRETARIA DE ESTADO DE DESENVOLVIMENTO ECONOMICO;;00569/2023;004/2023/SEDEC;O presente contrato tem por objeto a contratacao, sob demanda, de empresa especializada para prestar servicos de manutencao predial, preventiva e corretiva, com fornecimento de equipamentos, materiais e mao de obra, na forma estabelecida nas planilhas de;1250000.0;26692022000153;ST - CONSTRUCOES E SERVICOS LTDA;2025-02-06;07/02/2025 a 06/02/2026;CELEBRADO;Av. Presidente Getulio Vargas, n 1077 bairro: Goiabeiras - Cuiaba MT;PREGAO ELETRONICO;Manuteno de Imveis;39 - OUTROS SERVICOS DE TERCEIROS - PESSOA JURIDICA;transparencia_excel_25.xls;2025-02-07;2026-02-06
SECRETARIA DE ESTADO DE DESENVOLVIMENTO ECONOMICO;SEDEC-PRO-2024/00010;00529/2025;004/2025/SEDEC;O objeto do presente instrumento e a contratacao de servicos de consultoria e pesquisa para encontrar Solucao inovadora e Tecnologica que envolva Inteligencia Artificial, georreferenciamento das acoes de Monitoramento, Fiscalizacao, Gestao Cadastral das a;6658808.89;10784782000150;INSTITUTO FEDERAL DE MATO GROSSO;2025-02-13;13/02/2025 a 13/02/2027;CELEBRADO;Av. Pres. Getulio Vargas, 1077, Bairro: Goiabeiras, Cuiaba-MT, CEP: 78032-000;DISPENSA DE LICITACAO LEI 14133/2021;PRESTAO DE SERVIOS DE TECNOLOGIA DA INFORMAO;40 - SERVICOS DE TECNOLOGIA DA INFORMACAO E COMUNICACAO - PESSOA JURIDICA;transparencia_excel_25.xls;2025-02-13;2027-02-13
SECRETARIA DE ESTADO DE DESENVOLVIMENTO ECONOMICO;SEDEC-PRO-2025/00238;01041/2025;007/2025;O objeto do presente instrumento refere-se a aquisicao de generos alimenticios, cafe em po, para atender as demandas da Secretaria de Estado de Desenvolvimento Economico - SEDEC.;64296.0;44427929000177;DEISIANE DOS SANTOS ARAUJO 06162905195;2025-05-08;08/05/2025 a 07/05/2026;CELEBRADO;;PREGAO ELETRONICO;GNEROS DE ALIMENTAO;30 - MATERIAL DE CONSUMO;transparencia_excel_25.xls;2025-05-08;2026-05-07
SECRETARIA DE ESTADO DE DESENVOLVIMENTO ECONOMICO;SEDEC-PRO-2025/00238;01055/2025;008/2025;Refere-se a aquisicao de generos alimenticios, acucar tipo cristal, para atender as demandas da Secretaria de Estado de Desenvolvimento Economico - SEDEC.;9648.0;18690686000155;SHS SOLUCOES INTEGRADAS LTDA;2025-05-07;07/05/2025 a 06/05/2026;CELEBRADO;;PREGAO ELETRONICO;GNEROS DE ALIMENTAO;30 - MATERIAL DE CONSUMO;transparencia_excel_25.xls;2025-05-07;2026-05-06
SECRETARIA DE ESTADO DE DESENVOLVIMENTO ECONOMICO;SEDEC-PRO-2025/00561;00868/2025;006/2025;Consiste contratacao de empresa, para fornecimento de 05 (cinco) vagas para participacao no curso presencial YCaptacao de Recursos FederaisY, a ser realizado nos dias 09 e 10 de abril de 2025 e, 05 (cinco) vagas para participacao no curso presencial YEla;43470.0;21545863000114;ORZIL CONSULTORIA E TREINAMENTO LTDA;2025-04-09;09/04/2025 a 07/07/2025;CELEBRADO;;INEXIGIBILIDADE LEI 14133/2021;Capacitao de Pessoal;39 - OUTROS SERVICOS DE TERCEIROS - PESSOA JURIDICA;transparencia_excel_25.xls;2025-04-09;2025-07-07
SECRETARIA DE ESTADO DE DESENVOLVIMENTO ECONOMICO;SEDEC-PRO-2025/00012;01241/2025;010/2025;O objeto do presente instrumento refere-se a aquisicao de COPOS DESCARTAVEIS de 180 ml, para atender as demandas da Secretaria de Estado de Desenvolvimento Economico - SEDEC, decorrente do Pregao Eletronico no 003/2025/SEDEC nas condicoes estabelecidas no;15849.0;52505574000115;G M EMBALAGENS LTDA;2025-05-29;29/05/2025 a 29/05/2027;CELEBRADO;;PREGAO ELETRONICO;GNEROS DE ALIMENTAO;30 - MATERIAL DE CONSUMO;transparencia_excel_25.xls;2025-05-29;2027-05-29
SECRETARIA DE ESTADO DE DESENVOLVIMENTO ECONOMICO;SEDEC-PRO-2024/00792;01590/2025;016/2025;O objeto do presente Contrato consiste na contratacao de prestacao de servico especializado para ministrar Curso de Introducao a Observacao de Aves na Natureza em continuidade as acoes de estruturacao e qualificacao do trade de turismo de Mato Grosso, com;62310.0;33941534000171;BRAULIO SCHIFFINO CARLOS III;2025-07-15;15/07/2025 a 15/01/2027;CELEBRADO;;INEXIGIBILIDADE;OUTROS SERVIOS DE TERCEIROS - PESSOA JURDICA;39 - OUTROS SERVICOS DE TERCEIROS - PESSOA JURIDICA;transparencia_excel_25.xls;2025-07-15;2027-01-15
SECRETARIA DE ESTADO DE DESENVOLVIMENTO ECONOMICO;SEDEC-PRO-2025/00023;01512/2025;013/2025;O objeto do presente instrumento e a prestacao dos servicos de motorista para atender as demandas da Secretaria de Estado de Desenvolvimento Economico - SEDEC, nas condicoes e exigencias estabelecidas neste instrumento de contrato e no Termo de Referencia;5132599.92;23280429000185;CUIABANA SERVICOS TERCEIRIZADOS LTDA;2025-07-08;08/07/2025 a 08/07/2027;CELEBRADO;;PREGAO ELETRONICO;OUTROS SERVIOS DE TERCEIROS - PESSOA JURDICA;39 - OUTROS SERVICOS DE TERCEIROS - PESSOA JURIDICA;transparencia_excel_25.xls;2025-07-08;2027-07-08
SECRETARIA DE ESTADO DE DESENVOLVIMENTO ECONOMICO;SEDEC-PRO-2025/00899;01396/2025;012/2025;Consiste na contratacao de apresentacoes artisticas do Grupo Flor Ribeirinha, a serem realizadas nos dias 18 de junho de 2025, no municipio de Cuiaba-MT, nos dias 21 e 22 de agosto de 2025, no municipio de Sao Paulo/SP no Salao do Turismo e no dia 08 de o;500000.0;10908256000155;ASSOCIACAO CULTURAL FLOR RIBEIRINHA - ACFR;2025-06-18;18/06/2025 a 18/06/2026;CELEBRADO;;INEXIGIBILIDADE;OUTROS SERVIOS DE TERCEIROS - PESSOA JURDICA;39 - OUTROS SERVICOS DE TERCEIROS - PESSOA JURIDICA;transparencia_excel_25.xls;2025-06-18;2026-06-18
SECRETARIA DE ESTADO DE DESENVOLVIMENTO ECONOMICO;SEDEC-PRO-2025/01052;01520/2025;014/2025;O objeto do presente instrumento e a prestacao dos servicos de MANUTENCAO PREVENTIVA E CORRETIVA DE CONDICIONADORES DE AR com fornecimento de pecas, componentes e acessorios novos e originais, quando for o caso, incluindo instalacao, desinstalacao, rema;143191.9;14049599000162;A.W.G COMERCIO E SERVICOS LTDA;2025-07-08;08/07/2025 a 07/07/2027;CELEBRADO;;ADESAO;Manuteno de Ar Condicionado;39 - OUTROS SERVICOS DE TERCEIROS - PESSOA JURIDICA;transparencia_excel_25.xls;2025-07-08;2027-07-07
SECRETARIA DE ESTADO DE DESENVOLVIMENTO ECONOMICO;SEDEC-PRO-2024/01650;02108/2025;022/2025;O objeto do presente instrumento e a prestacao dos servicos para publicacao de avisos de licitacao e outras materias de interesse dos Orgaos/Entidades do Poder Executivo do Estado de Mato Grosso, em jornal diario de grande circulacao, nas condicoes estabe;7145.0;18876112000176;GIBBOR PUBLICIDADE E PUBLICACOES DE EDITAIS LTDA EPP;2025-08-29;29/08/2025 a 29/08/2027;CELEBRADO;;ADESAO;OUTROS SERVIOS DE TERCEIROS - PESSOA JURDICA;39 - OUTROS SERVICOS DE TERCEIROS - PESSOA JURIDICA;transparencia_excel_25.xls;2025-08-29;2027-08-29
SECRETARIA DE ESTADO DE DESENVOLVIMENTO ECONOMICO;SEDEC-PRO-2025/01650;02115/2025;023/2025;O objeto do presente instrumento e a prestacao dos servicos para publicacao de avisos de licitacao e outras materias de interesse dos Orgaos/Entidades do Poder Executivo do Estado de Mato Grosso, em jornal diario de grande circulacao, nas condicoes estabe;1645.0;10676614000141;K3 COMERCIO VAREJISTA DE JORNAIS, REVISTAS E OUTRAS PUBLICACOES LTDA;2025-08-28;28/08/2025 a 28/08/2027;CELEBRADO;;ADESAO;OUTROS SERVIOS DE TERCEIROS - PESSOA JURDICA;39 - OUTROS SERVICOS DE TERCEIROS - PESSOA JURIDICA;transparencia_excel_25.xls;2025-08-28;2027-08-28
SECRETARIA DE ESTADO DE DESENVOLVIMENTO ECONOMICO;SEDEC-PRO-2025/01197;01699/2025;017/2025;O objeto do presente instrumento e a aquisicao de equipamentos, tipo Controlador de Acesso com Reconhecimento Facial, a fim de atender as demandas dos Orgaos/Entidades do Poder Executivo Estadual.;2560.0;29188143000401;Romma Sistemas de Seguranca Eletronica Ltda;2025-07-22;22/07/2025 a 22/07/2026;CELEBRADO;;ADESAO;Material Permanente;52 - EQUIPAMENTOS E MATERIAL PERMANENTE;transparencia_excel_25.xls;2025-07-22;2026-07-22
SECRETARIA DE ESTADO DE DESENVOLVIMENTO ECONOMICO;SEDEC-PRO-2024/01744;01867/2025;021/2025;O objeto do presente Contrato consiste na contratacao de servico especializado para aquisicao de certificados digitais (e-CPF e e-CNPJ), no padrao ICP-Brasil para atender a demandas da Secretaria de Estado de Desenvolvimento Economico SEDEC.;5302.33;21308480000122;AR RP CERTIFICACAO DIGITAL LTDA;2025-08-11;11/08/2025 a 11/08/2026;CELEBRADO;;DISPENSA DE LICITACAO;PRESTAO DE SERVIOS DE TECNOLOGIA DA INFORMAO;40 - SERVICOS DE TECNOLOGIA DA INFORMACAO E COMUNICACAO - PESSOA JURIDICA;transparencia_excel_25.xls;2025-08-11;2026-08-11
SECRETARIA DE ESTADO DE DESENVOLVIMENTO ECONOMICO;SEDEC-PRO-2025/00271;00737/2025;005/2025;O objeto do presente instrumento e a prestacao dos servicos especializados no fornecimento de mao de obra para prestacao de servicos de vigilancia ostensiva armada, nas condicoes estabelecidas no Termo de Referencia e neste Contrato;1506291.84;10364152000470;LINCE - SEGURANCA PATRIMONIAL LTDA;2025-03-26;27/03/2025 a 26/03/2027;CELEBRADO;CUIABA;ADESAO;Vigilncia;39 - OUTROS SERVICOS DE TERCEIROS - PESSOA JURIDICA;transparencia_excel_25.xls;2025-03-27;2027-03-26
SECRETARIA DE ESTADO DE DESENVOLVIMENTO ECONOMICO;PROCESSO SEDEC-PRO-2025/01686;02381/2025;028/2025;Aquisicao de 07 (sete) inscricoes para o Curso de MBA em Direito da Mineracao, Ambiental e ESG, promovido pela Faculdade Arnaldo (UniArnaldo), visando atender as demandas institucionais da Secretaria Adjunta de Mineracao, vinculada a Secretaria de Estado;89775.0;21562368000113;ASSOCIACAO PROPAGADORA ESDEVA (Faculdade Arnaldo);2025-09-19;19/09/2025 a 18/03/2027;ATIVO;;INEXIGIBILIDADE;Capacitao de Pessoal;39 - OUTROS SERVICOS DE TERCEIROS - PESSOA JURIDICA;transparencia_excel_25.xls;2025-09-19;2027-03-18
SECRETARIA DE ESTADO DE DESENVOLVIMENTO ECONOMICO;;02718/2024;031/2024/SEDEC;1.1.	O objeto do presente instrumento e a contratacao de empresa especializada na prestacao de servicos de fornecimento de coffee break e brunch para eventos, atos e solenidades para atender aos Orgaos/Entidades do Poder Executivo do Estado de Mato Grosso;160830.0;70428388000101;PIRES DE MIRANDA E CIA LTDA;2025-08-25;14/09/2025 a 13/09/2026;CELEBRADO;Av. Presidente Getulio Vargas, n 1077 bairro: Goiabeiras - Cuiaba MT;;Alimentao;39 - OUTROS SERVICOS DE TERCEIROS - PESSOA JURIDICA;transparencia_excel_25.xls;2025-09-14;2026-09-13
SECRETARIA DE ESTADO DE DESENVOLVIMENTO ECONOMICO;SEDEC-PRO-2025/00707;02197/2025;026/2025;O objeto do presente Contrato consiste na aquisicao de materiais de limpeza, para atender as demandas da Secretaria de Desenvolvimento de Economico - SEDEC, nos termos da tabela abaixo, conforme especificacoes constantes na proposta e respectivo Termo de;2123.45;46973126000143;SSG SOLUCOES LTDA;2025-09-08;08/09/2025 a 08/09/2026;CELEBRADO;;DISPENSA DE LICITACAO;17 - MATERIAL PARA LIMPEZA E HIGIENE;30 - MATERIAL DE CONSUMO;transparencia_excel_25.xls;2025-09-08;2026-09-08
SECRETARIA DE ESTADO DE DESENVOLVIMENTO ECONOMICO;SEDEC-PRO-2025/01769;02450/2025;029/2025;O objeto do presente instrumento e a prestacao dos servicos de locacao de veiculos administrativos, para atender a demanda da Secretaria de Estado de Desenvolvimento Economico - SEDEC, nas condicoes estabelecidas no Termo de Referencia e neste Contrato.;5997738.0;25175927000193;SUPREMA LOCADORA DE VEICULOS LEVES E PESADOS LTDA;2025-09-25;25/09/2025 a 25/09/2030;CELEBRADO;;ADESAO;OUTROS SERVIOS DE TERCEIROS - PESSOA JURDICA;39 - OUTROS SERVICOS DE TERCEIROS - PESSOA JURIDICA;transparencia_excel_25.xls;2025-09-25;2030-09-25
SECRETARIA DE ESTADO DE DESENVOLVIMENTO ECONOMICO;SEDEC-PRO-2025/00912;02455/2025;030/2025;O objeto do presente instrumento refere-se a aquisicao de 10 Kit Aeronave Remotamente Pilotada (DRONE), cada kit composto por: 01 drone com camera de alta resolucao (minimo de 4K), sensores de obstaculos multidirecionais, autonomia minima de 34 minutos de;89375.0;27120037000100;THADS SERVICOS LTDA;2025-09-25;25/09/2025 a 25/09/2026;CELEBRADO;;PREGAO ELETRONICO;Material Permanente;52 - EQUIPAMENTOS E MATERIAL PERMANENTE;transparencia_excel_25.xls;2025-09-25;2026-09-25
SECRETARIA DE ESTADO DE DESENVOLVIMENTO ECONOMICO;SEDEC-PRO-2025/01823;02584/2025;031/2025;Contratacao de empresa especializada para a realizacao de curso de capacitacao na area de mercado financeiro, com foco na preparacao para a realizacao da prova de Certificacao Profissional ANBIMA YCPA-20, contemplando conteudo programatico atualizado, rec;30000.0;43811102000108;CAPRIATA CURSOS;2025-10-03;03/10/2025 a 03/10/2026;CELEBRADO;;INEXIGIBILIDADE;Capacitao de Pessoal;39 - OUTROS SERVICOS DE TERCEIROS - PESSOA JURIDICA;transparencia_excel_25.xls;2025-10-03;2026-10-03
SECRETARIA DE ESTADO DE DESENVOLVIMENTO ECONOMICO;SEDEC-PRO-2025/01395;02346/2025;024/2025;Aquisicao de 02 (duas) vagas para curso de Mestrado Profissional em Administracao Publica,turma 2.2025, voltado a capacitacao de 02 (dois) servidores da Secretaria de Estado de Desenvolvimento Economico de Mato Grosso SEDEC, com inicio previsto para ago;163660.0;02474172000122;INSTITUTO BRASILEIRO DE ENCINO, DESENVOLVIMENTO E PESQUISA IDP - LTDA;2025-09-01;01/09/2025 a 01/09/2027;CELEBRADO;;INEXIGIBILIDADE;OUTROS SERVIOS DE TERCEIROS - PESSOA JURDICA;39 - OUTROS SERVICOS DE TERCEIROS - PESSOA JURIDICA;transparencia_excel_25.xls;2025-09-01;2027-09-01
SECRETARIA DE ESTADO DE DESENVOLVIMENTO ECONOMICO;SEDEC-PRO-2023/00586;01825/2023;012/2023/SEDEC;1.1.	O objeto do presente instrumento refere-se a contratacao de empresa especializada na prestacao de Servicos de Locacao de Veiculos Administrativos, categorias diversas (sem motorista e sem combustivel), devidamente licenciados junto ao DETRAN, com qui;222984.0;23207454000133;ART CAR VEICULOS LTDA;2025-04-25;23/05/2025 a 24/05/2026;CELEBRADO;Cuiaba e/ou Varzea Grande;PREGAO ELETRONICO;OUTROS SERVIOS DE TERCEIROS - PESSOA JURDICA;39 - OUTROS SERVICOS DE TERCEIROS - PESSOA JURIDICA;transparencia_excel_25.xls;2025-05-23;2026-05-24
SECRETARIA DE ESTADO DE DESENVOLVIMENTO ECONOMICO;SEDEC-PRO-2024/02388;02900/2025;033/2025;Contratacao de Empresa Especializada em Servicos Tecnicos de Tecnologia da Informacao para atender as demandas da Secretaria de Estado de Desenvolvimento Economico SEDEC, nos termos da tabela abaixo e conforme condicoes e exigencias estabelecidas neste in;15398928.05;15011059000152;EMPRESA MATO-GROSSENSE DE TECNOLOGIA DA INFORMACAO - MTI;2025-11-03;03/11/2025 a 03/11/2030;CELEBRADO;;DISPENSA DE LICITACAO;PRESTAO DE SERVIOS DE TECNOLOGIA DA INFORMAO;40 - SERVICOS DE TECNOLOGIA DA INFORMACAO E COMUNICACAO - PESSOA JURIDICA;transparencia_excel_25.xls;2025-11-03;2030-11-03
SECRETARIA DE ESTADO DE DESENVOLVIMENTO ECONOMICO;SEDEC-PRO2024/02578;02809/2025;037/2025;O objeto do presente instrumento e a aquisicao de materiais de copa e cozinha para atender as demandas da nova sede da Secretaria de Estado de Desenvolvimento Economico (SEDEC), com fornecimento sob demanda, conforme especificado na tabela abaixo, na qual;12034.1;20357366000120;CYAN PAPELARIA E MATERIAIS DE INFORMATICA LTDA;2025-10-21;21/10/2025 a 21/10/2026;CELEBRADO;;PREGAO ELETRONICO;56 - MATERIAL DE COPA E COZINHA;30 - MATERIAL DE CONSUMO;transparencia_excel_25.xls;2025-10-21;2026-10-21
SECRETARIA DE ESTADO DE DESENVOLVIMENTO ECONOMICO;SEDEC-PRO-2024/02578;02814/2025;038/2025;O objeto do presente instrumento e a aquisicao de materiais de copa e cozinha para atender as demandas da nova sede da Secretaria de Estado de Desenvolvimento Economico (SEDEC), com fornecimento sob demanda, conforme especificado na tabela abaixo, na qual;21413.58;58643068000179;PRIME COMERCIO E CONSULTORIA EM LICITACOES LTDA;2025-10-23;23/10/2025 a 23/10/2026;CELEBRADO;;PREGAO ELETRONICO;56 - MATERIAL DE COPA E COZINHA;30 - MATERIAL DE CONSUMO;transparencia_excel_25.xls;2025-10-23;2026-10-23
SECRETARIA DE ESTADO DE DESENVOLVIMENTO ECONOMICO;;02426/2022;044/2022/SEDEC;1.1	O objeto do presente instrumento refere-se a contratacao de empresa especializada na prestacao de servicos continuados de gerenciamento e controle da manutencao preventiva, corretiva e preditiva da frota de veiculos, incluindo toda tecnologia embarcad;125000.0;05340639000130;PRIME CONSULTORIA E ASSESSORIA EMPRESARIAL LTDA;2025-11-12;30/11/2025 a 29/11/2026;CELEBRADO;Av. Presidente Getulio Vargas, n 1077 bairro: Goiabeiras - Cuiaba MT;PREGAO ELETRONICO;Manuteno de Veculos;39 - OUTROS SERVICOS DE TERCEIROS - PESSOA JURIDICA;transparencia_excel_25.xls;2025-11-30;2026-11-29
SECRETARIA DE ESTADO DE DESENVOLVIMENTO ECONOMICO;SEDEC-PRO-2023/00911;02719/2025;025/2025;O presente CONTRATO tem por objeto a contratacao de servico especializado de Estudos e Elaboracao do Balanco Energetico do Estado de Mato Grosso e Mesorregioes 2025 anos base 2021, 2022, 2023 e 2024 e Analise do Sistema Eletrico de Distribuicao para a;1285840.4;33004540000100;FUNDACAO UNIVERSIDADE FEDERAL DE MATO GROSSO - UFMT;2025-10-16;16/10/2025 a 16/01/2027;CELEBRADO;;DISPENSA DE LICITACAO;OUTROS SERVIOS DE TERCEIROS - PESSOA JURDICA;39 - OUTROS SERVICOS DE TERCEIROS - PESSOA JURIDICA;transparencia_excel_25.xls;2025-10-16;2027-01-16
SECRETARIA DE ESTADO DE DESENVOLVIMENTO ECONOMICO;SEDEC-PRO-2025/00560;02932/2025;039/2025;Contratacao de servico especializado de Agente Financeiro para operacionalizacao dos recursos do Fundo de Desenvolvimento Economico - FUNDES, para atender a demandas dispostas na Lei no 11.308 de 29 de janeiro de 2021, e do Decreto no 1.024 de 29 de julho;5500000.0;06284531000130;AGENCIA DE FOMENTO DO ESTADO DE MATO GROSSO S/A;2025-10-30;30/10/2025 a 30/10/2030;CELEBRADO;;DISPENSA DE LICITACAO;OUTROS SERVIOS DE TERCEIROS - PESSOA JURDICA;39 - OUTROS SERVICOS DE TERCEIROS - PESSOA JURIDICA;transparencia_excel_25.xls;2025-10-30;2030-10-30
SECRETARIA DE ESTADO DE DESENVOLVIMENTO ECONOMICO;SEDEC-PRO-2025/01930;03029/2025;042/2025;Contratacao de empresa especializada na prestacao dos servicos de execucao, acompanhamento e registro de marcas e patentes junto ao Instituto Nacional de Propriedade Industrial (INPI), incluindo protocolo, acompanhamento processual ate a decisao final, ta;10500.0;08935179000180;C. ATHAYDE;2025-11-14;14/11/2025 a 14/11/2028;CELEBRADO;;Inexigibilidade;OUTROS SERVIOS DE TERCEIROS - PESSOA JURDICA;39 - OUTROS SERVICOS DE TERCEIROS - PESSOA JURIDICA;transparencia_excel_25.xls;2025-11-14;2028-11-14
SECRETARIA DE ESTADO DE DESENVOLVIMENTO ECONOMICO;SEDEC-PRO-2025/01580;02731/2025;032/2025;O objeto do presente instrumento e a prestacao dos servicos especializados de abastecimento e controle do fornecimento de combustiveis (Gasolina Comum, Alcool (etanol), Diesel, Diesel S10, Gas Natural Veicular (GNV), e agente redutor Arla 32), nas condico;945816.8;05340639000130;PRIME CONSULTORIA E ASSESSORIA EMPRESARIAL LTDA;2025-10-14;14/10/2025 a 14/10/2027;CELEBRADO;;ADESAO;COMBUSTVEL;30 - MATERIAL DE CONSUMO;transparencia_excel_25.xls;2025-10-14;2027-10-14
SECRETARIA DE ESTADO DE DESENVOLVIMENTO ECONOMICO;SEDEC-PRO-2025/02519;02934/2025;040/2025;O objeto do presente contrato consiste na contratacao de patrocinio ao IMAC para organizacao do Congresso Mundial da Carne 2025 - WMC 2025, que sera realizado nos dias 28 a 30 de outubro de 2025, em Cuiaba, sob a coordenacao do Instituto Mato-grossense da;500000.0;25264440000187;INSTITUTO MATO-GROSSENSE DA CARNE - IMAC;2025-10-24;24/10/2025 a 24/10/2025;CELEBRADO;;INEXIGIBILIDADE;OUTROS SERVIOS DE TERCEIROS - PESSOA JURDICA;39 - OUTROS SERVICOS DE TERCEIROS - PESSOA JURIDICA;transparencia_excel_25.xls;2025-10-24;2025-10-24
SECRETARIA DE ESTADO DE DESENVOLVIMENTO ECONOMICO;SEDEC-PRO-2025/01165;02758/2025;034/2025;O objeto do presente instrumento e a aquisicao de licenca de softwares para atender a Secretaria de Estado de Desenvolvimento Economico - SEDEC, nas condicoes estabelecidas no Termo de Referencia e neste contrato.;16682.2;50366389000161;TOTALCAD COMERCIO E SERVICOS TECNOLOGICOS LTDA;2025-10-16;16/10/2025 a 16/10/2027;CELEBRADO;;ADESAO;AQUISIO DE SOFTWARE;40 - SERVICOS DE TECNOLOGIA DA INFORMACAO E COMUNICACAO - PESSOA JURIDICA;transparencia_excel_25.xls;2025-10-16;2027-10-16
SECRETARIA DE ESTADO DE DESENVOLVIMENTO ECONOMICO;SEDEC-PRO-202501165;02760/2025;035/2025;O objeto do presente instrumento e a aquisicao de licenca de softwares para atender a Secretaria de Estado de Desenvolvimento Economico-SEDEC, nas condicoes estabelecidas no Termo de Referencia.;91624.2;04198254000117;MCR SISTEMAS E CONSULTORIA LTDA;2025-10-14;14/10/2025 a 14/10/2027;CELEBRADO;;ADESAO;AQUISIO DE SOFTWARE;40 - SERVICOS DE TECNOLOGIA DA INFORMACAO E COMUNICACAO - PESSOA JURIDICA;transparencia_excel_25.xls;2025-10-14;2027-10-14
SECRETARIA DE ESTADO DE DESENVOLVIMENTO ECONOMICO;SEDEC-PRO-2025/01528;02984/2025;041/2025;O objeto do presente instrumento e a prestacao dos servicos de MANUTENCAO PREDIAL, consistindo em instalacao, montagem, reparacao e adaptacao, com fornecimento de pecas, equipamentos, materiais e mao de obra, sendo a remuneracao por maior desconto aplicad;5000000.0;36909349000198;TMF CONSTRUCOES, IMCORPORACAO E SERVICOS LTDA;2025-11-07;07/11/2025 a 07/11/2027;CELEBRADO;;ADESAO;OUTROS SERVIOS DE TERCEIROS - PESSOA JURDICA;39 - OUTROS SERVICOS DE TERCEIROS - PESSOA JURIDICA;transparencia_excel_25.xls;2025-11-07;2027-11-07
SECRETARIA DE ESTADO DE DESENVOLVIMENTO ECONOMICO;SEDEC-PRO-2025/00995;00001/2026;051/2025;Contratacao de servico de conectividade via satelite composta por equipamentos em regime de comodato, conexao via satelite, instalacao dos equipamentos e manutencao.;191900.0;11817942000183;KLTC SOLUCOES LTDA;2025-12-29;29/12/2025 a 29/12/2027;CELEBRADO;;Pregao - Eletronico;PRESTAO DE SERVIOS DE TECNOLOGIA DA INFORMAO;40 - SERVICOS DE TECNOLOGIA DA INFORMACAO E COMUNICACAO - PESSOA JURIDICA;transparencia_excel_25.xls;2025-12-29;2027-12-29
SECRETARIA DE ESTADO DE DESENVOLVIMENTO ECONOMICO;;03326/2023;043/2023/SEDEC;O objeto do presente instrumento e a prestacao dos servicos de agente integrador para agenciamento de estudantes do ensino superior para preenchimento de bolsas de estagio, de natureza comum, para atender a demandas da Secretaria de Estado de Desenvolvime;5373.85;05342580000119;UNIVERSIDADE PATATIVA DO ASSARE;2025-11-26;30/11/2025 a 29/11/2027;CELEBRADO;Av. Presidente Getulio Vargas, n 1077 bairro: Goiabeiras - Cuiaba MT;ADESAO;Estagirios;39 - OUTROS SERVICOS DE TERCEIROS - PESSOA JURIDICA;transparencia_excel_25.xls;2025-11-30;2027-11-29
SECRETARIA DE ESTADO DE DESENVOLVIMENTO ECONOMICO;SEDEC-PRO-2025/00996;03297/2025;043/2025;Contratacao de empresa para confeccao de uniformes destinados a Secretaria Adjunta de Mineracao;75923.6;01236234000103;G & L INDUSTRIA E COMERCIO LTDA;2025-12-04;04/12/2025 a 04/12/2027;CELEBRADO;;Pregao - Eletronico;56 - MATERIAL DE COPA E COZINHA;30 - MATERIAL DE CONSUMO;transparencia_excel_25.xls;2025-12-04;2027-12-04
SECRETARIA DE ESTADO DE DESENVOLVIMENTO ECONOMICO;;03085/2023;041/2023/SEDEC;Constitui objeto do presente instrumento a CONTRATACAO DE EMPRESA ESPECIALIZADA PARA O FORNECIMENTO DE MAO DE OBRA EXCLUSIVA PARA PRESTACAO DE SERVICOS AUXILIARES A ADMINISTRACAO, COMPREENDENDO O CARGO DE AUXILIAR ADMINISTRATIVO, MEDIANTE ALOCACAO DE POST;163384.32;00081160000102;LUPPA-ADMINISTRADORA DE SERVICOS E REPRESENTACOES COMERCIAIS LTDA;2025-10-23;25/10/2025 a 25/10/2026;CELEBRADO;Av. Presidente Getulio Vargas, n 1077 bairro: Goiabeiras - Cuiaba MT;ADESAO;Servios de Apoio Administrativo, Tcnico e Operacional;39 - OUTROS SERVICOS DE TERCEIROS - PESSOA JURIDICA;transparencia_excel_25.xls;2025-10-25;2026-10-25
SECRETARIA DE ESTADO DE DESENVOLVIMENTO ECONOMICO;;03323/2023;042/2023/SEDEC;1.1.	O objeto do presente instrumento e a prestacao dos servicos de agente integrador para agenciamento de estudantes de pos graduacao, para preenchimento de bolsas de estagio, de natureza comum, para atender a demanda da Secretaria de Estado de Desenvolv;3679.5;11320576000152;SUPER ESTAGIOS LTDA;2025-11-28;30/11/2025 a 29/11/2027;CELEBRADO;Av. Presidente Getulio Vargas, n 1077 bairro: Goiabeiras - Cuiaba MT;ADESAO;Estagirios;39 - OUTROS SERVICOS DE TERCEIROS - PESSOA JURIDICA;transparencia_excel_25.xls;2025-11-30;2027-11-29
SECRETARIA DE ESTADO DE DESENVOLVIMENTO ECONOMICO;SEDEC-PRO-2024/02865;03431/2025;015/2025;Contratacao de instituicao especializada para realizar estudo de avaliacao de eficiencia agronomica de rochas em Mato Grosso conforme a lei 12.890 de 2013 e a IN no 5 de 2016.;1100000.0;33004540000100;FUNDACAO UNIVERSIDADE FEDERAL DE MATO GROSSO - UFMT;2025-09-02;02/09/2025 a 02/09/2027;CELEBRADO;;Dispensa de Licitacao;SERVIOS DE CONSULTORIA;35 - SERVICOS DE CONSULTORIA;transparencia_excel_25.xls;2025-09-02;2027-09-02
SECRETARIA DE ESTADO DE DESENVOLVIMENTO ECONOMICO;SEDEC-PRO-2024/01001;03324/2025;044/2025;Contratacao de empresa especializada para prestacao de servicos de consultoria para estruturacao do turismo de pesca no estado de Mato Grosso.;497760.0;29992734000186;KELVEN STELLA LOPES CONSULTORIAS LTDA;2025-12-04;04/12/2025 a 04/12/2026;CELEBRADO;;Inexigibilidade;SERVIOS DE CONSULTORIA;35 - SERVICOS DE CONSULTORIA;transparencia_excel_25.xls;2025-12-04;2026-12-04
SECRETARIA DE ESTADO DE DESENVOLVIMENTO ECONOMICO;SEDEC-PRO-2025/02378;03332/2025;045/2025;Participacao no Programa YLideranca Transformadora Pro Lider Varejo;43672.56;03658868000171;SERVICO NACIONAL DE APRENDIZAGEM COMERCIAL;2025-12-05;05/12/2025 a 06/02/2026;CELEBRADO;;Inexigibilidade;OUTROS SERVIOS DE TERCEIROS - PESSOA JURDICA;39 - OUTROS SERVICOS DE TERCEIROS - PESSOA JURIDICA;transparencia_excel_25.xls;2025-12-05;2026-02-06
SECRETARIA DE ESTADO DE DESENVOLVIMENTO ECONOMICO;SEDEC-PRO-2025/02700;03344/2025;046/2025;O Curso de Especializacao em Agronegocios (MBA USP/ESALQ).;11820.6;63025530000104;UNIVERSIDADE DE SAO PAULO;2025-12-09;09/12/2025 a 09/12/2026;CELEBRADO;;Inexigibilidade;OUTROS SERVIOS DE TERCEIROS - PESSOA JURDICA;39 - OUTROS SERVICOS DE TERCEIROS - PESSOA JURIDICA;transparencia_excel_25.xls;2025-12-09;2026-12-09
SECRETARIA DE ESTADO DE DESENVOLVIMENTO ECONOMICO;SEDEC-PRO-2025/01560;03471/2025;049/2025;Contratacao de empresa especializada na prestacao de servicos de seguro veicular para atender as necessidades da Secretaria de Estado de Governo de Mato Grosso, compreendendo a cobertura de sinistros decorrentes de colisao, incendio, roubo, furto, danos a;10194.0;61198164000160;PORTO SEGURO COMPANHIA DE SEGUROS GERAIS;2025-12-19;19/12/2025 a 19/12/2027;CELEBRADO;;Dispensa de Licitacao;OUTROS SERVIOS DE TERCEIROS - PESSOA JURDICA;39 - OUTROS SERVICOS DE TERCEIROS - PESSOA JURIDICA;transparencia_excel_25.xls;2025-12-19;2027-12-19
SECRETARIA DE ESTADO DE DESENVOLVIMENTO ECONOMICO;SEDEC-PRO-2025/01594;03479/2025;047/2025;O objeto do presente instrumento e a contratacao de servicos de gerenciamento, administracao e controle de manutencao em geral, englobando servicos mecanicos de toda a ordem, com fornecimento e reposicao de pecas e acessorios para veiculos, embarcacoes, m;200000.0;12039966000111;LINK CARD ADMINISTRADORA DE BENEFICIOS EIRELI ME;2025-12-22;22/12/2025 a 22/12/2026;CELEBRADO;;ADESAO;OUTROS SERVIOS DE TERCEIROS - PESSOA JURDICA;39 - OUTROS SERVICOS DE TERCEIROS - PESSOA JURIDICA;transparencia_excel_25.xls;2025-12-22;2026-12-22
SECRETARIA DE ESTADO DE DESENVOLVIMENTO ECONOMICO;SEDEC-PRO-2025/02758;03480/2025;050/2025;O objeto do presente instrumento e a prestacao dos servicos de controle de vetores e pragas urbanas para atender as demandas dos Orgaos e Entidades do Poder Executivo Estadual, nas condicoes estabelecidas no Termo de Referencia.;6960.0;13255330000170;QUASAR SERVICOS E DEDETIZACAO LTDA;2025-12-19;19/12/2025 a 19/12/2027;CELEBRADO;;ADESAO;OUTROS SERVIOS DE TERCEIROS - PESSOA JURDICA;39 - OUTROS SERVICOS DE TERCEIROS - PESSOA JURIDICA;transparencia_excel_25.xls;2025-12-19;2027-12-19
SECRETARIA DE ESTADO DE DESENVOLVIMENTO ECONOMICO;SEDEC-PRO-2024/02523;01077/2025;009/2025;Prestacao dos servicos de auxiliar de carga e descarga, envolvendo as atividades de carga, descarga, movimentacao, empilhamento e desempilhamento de equipamentos e materiais em geral, eletronicos, mobiliario, material de consumo, caixas de arquivo, gar;182581.44;23280429000185;CUIABANA SERVICOS TERCEIRIZADOS LTDA;2025-05-14;14/05/2025 a 14/05/2027;CELEBRADO;;PREGAO ELETRONICO;SERVIO DE OFICIAL DE SERVIO GERAIS;37 - LOCACAO DE MAO-DE-OBRA;transparencia_excel_25.xls;2025-05-14;2027-05-14
SECRETARIA DE ESTADO DE DESENVOLVIMENTO ECONOMICO;;00565/2023;001/2023/SEDEC;O objeto do presente instrumento refere-se a contratacao de empresa especializada na prestacao de servicos de Vigilancia Armada e Desarmada para atender a demanda dos Orgaos/Entidades do Poder Executivo Estadual nos municipios de Cuiaba e Varzea Grande, c;552156.0;10364152000470;LINCE SEGURANCA PATRIMONIAL LTDA;2025-01-17;20/01/2025 a 19/01/2026;CELEBRADO;Av. Presidente Getulio Vargas, n 1077 bairro: Goiabeiras - Cuiaba MT;PREGAO ELETRONICO;SERVIOS DE VIGILNCIA;37 - LOCACAO DE MAO-DE-OBRA;transparencia_excel_25.xls;2025-01-20;2026-01-19
SECRETARIA DE ESTADO DE DESENVOLVIMENTO ECONOMICO;SEDEC-PRO-2025/01343;01703/2025;019/2025;O objeto do presente instrumento e a prestacao dos servicos especializados no fornecimento de mao de obra para prestacao de servicos continuados de de limpeza, asseio, conservacao e jardinagem, com fornecimento de mao de obra e insumos diversos necessario;1165416.48;02977954000184;CSF SERVICOS DE LIMPEZA EIRELI;2025-07-28;28/07/2025 a 08/07/2028;CELEBRADO;;ADESAO;SERVIOS DE LIMPEZA;37 - LOCACAO DE MAO-DE-OBRA;transparencia_excel_25.xls;2025-07-28;2028-07-08
SECRETARIA DE ESTADO DE DESENVOLVIMENTO ECONOMICO;;02893/2023;032/2023/SEDEC;1.1.	O objeto do presente instrumento e a prestacao dos servicos de agente integrador para agenciamento de estudantes do ensino medio, para preenchimento de bolsas de estagio, de natureza comum, para atender a demandas da Secretaria de Estado de Desenvolv;12000.0;11320576000152;SUPER ESTAGIOS LTDA;2025-09-15;14/09/2025 a 15/09/2027;CELEBRADO;Av. Presidente Getulio Vargas, n 1077 bairro: Goiabeiras - Cuiaba MT;PREGAO ELETRONICO;Estagirios;39 - OUTROS SERVICOS DE TERCEIROS - PESSOA JURIDICA;transparencia_excel_25.xls;2025-09-14;2027-09-15
SECRETARIA DE ESTADO DE DESENVOLVIMENTO ECONOMICO;SEDEC-PRO-2025/00278;01671/2025;018/2025;Contratacao de empresa especializada em engenharia para a execucao de reforma geral do Terminal de Turismo Social e Lazer da Salgadeira, visando atender as necessidades da Secretaria de Estado de Desenvolvimento Economico de Mato Grosso, conforme especifi;6266185.09;52577940000141;KOURY ENGENHARIA LTDA;2025-11-19;23/07/2026 a 07/12/2026;CELEBRADO;;DISPENSA DE LICITACAO;Obras de Infra-Estrutura;51 - OBRAS E INSTALACOES;transparencia_excel_26.xls;2026-07-23;2026-12-07
SECRETARIA DE ESTADO DE DESENVOLVIMENTO ECONOMICO;;03083/2023;040/2023/SEDEC;Constitui objeto do presente instrumento a contratacao de empresa especializada no fornecimento de mao de obra para execucao do servico de vigilancia e seguranca armada patrimonial, para atender a Secretaria de Estado de Desenvolvimento Economico SEDEC;1104009.6;06088000000414;TOTAL - VIGILANCIA E SEGURANCA LTDA;2025-10-16;20/10/2026 a 20/10/2026;CELEBRADO;Terminal de Turismo Social e Lazer da Salgadeira;ADESAO;SERVIOS DE VIGILNCIA;37 - LOCACAO DE MAO-DE-OBRA;transparencia_excel_26.xls;2026-10-20;2026-10-20
SECRETARIA DE ESTADO DE DESENVOLVIMENTO ECONOMICO;SEDEC-PRO-2025/02607;00390/2026;001/2026;Concessao atitulo gratuito para a gestao do YTerminal de Turismo Social e Lazer da SalgadeiraY (YTerminalY), visando a prestacao de servicos de interesse publico. Esta concessao abrange a revitalizacao, modernizacao, operacao, manutencao e ampliacao dos s;1.0;03658968000106;SERVICO SOCIAL DO COMERCIO - SESC/AR/MT;2026-02-13;13/02/2026 a 13/02/2056;CANCELADO;;Dispensa de Licitacao;MATERIAL OU SERVIO DE DISTRUIO GRATUITA;32 - MATERIAL, BEM OU SERVICO PARA DISTRIBUICAO GRATUITA;transparencia_excel_26.xls;2026-02-13;2056-02-13
SECRETARIA DE ESTADO DE DESENVOLVIMENTO ECONOMICO;SEDEC-PRO-2025/02607;00394/2026;001/2026;Concessao atitulo gratuito para a gestao do YTerminal de Turismo Social e Lazer da SalgadeiraY (YTerminalY), visando a prestacao de servicos de interesse publico. Esta concessao abrange a revitalizacao, modernizacao, operacao, manutencao e ampliacao dos s;0.0;03658968000106;SERVICO SOCIAL DO COMERCIO - SESC/AR/MT;2026-02-13;13/02/2026 a 13/02/2056;CELEBRADO;;DISPENSA DE LICITACAO LEI 14133/2021;MATERIAL OU SERVIO DE DISTRUIO GRATUITA;32 - MATERIAL, BEM OU SERVICO PARA DISTRIBUICAO GRATUITA;transparencia_excel_26.xls;2026-02-13;2056-02-13
SECRETARIA DE ESTADO DE DESENVOLVIMENTO ECONOMICO;SEDEC-PRO-2024/00989;00313/2025;001/2025;Contratacao de servico especializado para fornecer uma plataforma em BI (business intelligence) com dados de fluxo de passageiros do setor aereo de Mato Grosso, qualitativo e quantitativo, que permite compreender o processo de compra, preferencia dos vi;270000.0;45456273000183;SPRINT DADOS INOVA SIMPLES (I.S.);2026-01-22;23/01/2026 a 22/01/2027;CELEBRADO;Av. Pres. Getulio Vargas, 1077, Bairro: Goiabeiras, Cuiaba-MT, CEP: 78032-000;INEXIGIBILIDADE LEI 14133/2021;OUTROS SERVIOS DE TERCEIROS - PESSOA JURDICA;39 - OUTROS SERVICOS DE TERCEIROS - PESSOA JURIDICA;transparencia_excel_26.xls;2026-01-23;2027-01-22
SECRETARIA DE ESTADO DE DESENVOLVIMENTO ECONOMICO;SEDEC-PRO-2026/00035;00415/2026;002/2026;O objeto do presente instrumento e a contratacao de empresa especializada no fornecimento de agua mineral natural com capacidade de 20 (vinte) litros para atender as demandas dos Orgaos/Entidades do Poder Executivo Estadual, no ambito de Cuiaba e Varzea G;80200.0;01354498000153;UGOLINI CAMPOS LTDA;2026-02-19;19/02/2026 a 19/02/2028;CELEBRADO;;ADESAO;56 - MATERIAL DE COPA E COZINHA;30 - MATERIAL DE CONSUMO;transparencia_excel_26.xls;2026-02-19;2028-02-19
SECRETARIA DE ESTADO DE DESENVOLVIMENTO ECONOMICO;498682;01091/2021;021/2021;O presente contrato tem como objeto a contratacao de servicos de Tecnologia da Informacao para atender a demanda da Secretaria de Estado de Desenvolvimento Economico - SEDEC, de acordo com os marcos e as especificacoes deste Termo de Referencia;872781.28;15011059000152;EMPRESA MATO-GROSSENSE DE TECNOLOGIA DA INFORMACAO - MTI;2025-07-18;21/01/2026 a 21/01/2026;CELEBRADO;;DISPENSA DE LICITACAO;SERVIOS DE TECNOLOGIA DE INFORMTICA;39 - OUTROS SERVICOS DE TERCEIROS - PESSOA JURIDICA;transparencia_excel_26.xls;2026-01-21;2026-01-21
SECRETARIA DE ESTADO DE DESENVOLVIMENTO ECONOMICO;SEDEC-PRO-2025/01553;02750/2025;036/2025;Contratacao de empresa especializada para a elaboracao de projeto executivo voltado ao controle de acesso e seguranca predial, abrangendo sistema de CFTV, instalacao de portas com leitor biometrico e catracas.;59861.74;45563451000175;NORD SERVICOS LTDA;2026-01-19;16/04/2026 a 16/04/2026;CELEBRADO;;;OUTROS SERVIOS DE TERCEIROS - PESSOA JURDICA;39 - OUTROS SERVICOS DE TERCEIROS - PESSOA JURIDICA;transparencia_excel_26.xls;2026-04-16;2026-04-16
SECRETARIA DE ESTADO DE DESENVOLVIMENTO ECONOMICO;335281;00394/2021;002/2021;1 O objeto do presente instrumento refere-se a contratacao de empresa especializada na prestacao de servicos especializados em SOLUCAO DE OUTSOURCING (impressao, copia e digitalizacao) e GERENCIAMENTO DE IMPRESSAO DEPARTAMENTAL, incluindo disponibilizacao;1255848.0;09238496000100;W.A. EQUIPAMENTOS E SERVICOS LTDA;2026-01-27;28/01/2026 a 27/01/2027;CELEBRADO;;PREGAO ELETRONICO;Servios de Cpias e Impresses;39 - OUTROS SERVICOS DE TERCEIROS - PESSOA JURIDICA;transparencia_excel_26.xls;2026-01-28;2027-01-27
SECRETARIA DE ESTADO DE DESENVOLVIMENTO ECONOMICO;SEDEC-PRO-2025/01957;00620/2026;003/2026;Contratacao de empresa especializada na prestacao de servicos continuados, sem locacao de mao de obra, para monitoramento e rastreamento veicular, geolocalizacao, transmissao de dados GPS, GSM/GRPS e 4G, com acesso via internet 24 horas pelo usuario e cen;1922.4;00394494002856;MINISTERIO DA JUSTICA;2026-03-04;04/03/2026 a 04/03/2028;CELEBRADO;;Pregao - Eletronico;OUTROS SERVIOS DE TERCEIROS - PESSOA JURDICA;39 - OUTROS SERVICOS DE TERCEIROS - PESSOA JURIDICA;transparencia_excel_26.xls;2026-03-04;2028-03-04
SECRETARIA DE ESTADO DE DESENVOLVIMENTO ECONOMICO;SEDEC-PRO-2025/01892;00678/2026;004/2026;Contratacao de empresa especializada para desenvolver o Plano de Descarbonizacao e Mitigacao das Mudancas Climaticas voltado aos Pequenos Negocios do Estado de Mato Grosso.;238095.0;03534450000152;SERVICO DE APOIO AS MICRO E PEQUENAS EMPRESAS DO ESTADO DE MATO GROSSO - SEBRAE/MT;2026-03-10;10/03/2026 a 10/09/2026;CELEBRADO;;Inexigibilidade;OUTROS SERVIOS DE TERCEIROS - PESSOA JURDICA;39 - OUTROS SERVICOS DE TERCEIROS - PESSOA JURIDICA;transparencia_excel_26.xls;2026-03-10;2026-09-10
SECRETARIA DE ESTADO DE DESENVOLVIMENTO ECONOMICO;;01839/2023;011/2023/SEDEC;1.1.	O objeto do presente instrumento refere-se a contratacao de empresa especializada na prestacao de Servicos de Locacao de Veiculos Administrativos, categorias diversas (sem motorista e sem combustivel), devidamente licenciados junto ao DETRAN, com qui;2227894.56;27595780000116;CS BRASIL FROTAS S.A;2026-03-13;15/03/2026 a 14/06/2026;CELEBRADO;Cuiaba e/ou Varzea Grande;PREGAO ELETRONICO;OUTROS SERVIOS DE TERCEIROS - PESSOA JURDICA;39 - OUTROS SERVICOS DE TERCEIROS - PESSOA JURIDICA;transparencia_excel_26.xls;2026-03-15;2026-06-14
SECRETARIA DE ESTADO DE DESENVOLVIMENTO ECONOMICO;SEDEC-PRO-2026/00410;00903/2026;005/2026;O objeto do presente instrumento e a prestacao dos servicos especializados no fornecimento de mao de obra para prestacao de servicos continuados de Auxiliar Administrativo, nas condicoes estabelecidas no Termo de Referencia.;1345482.0;10661161000180;LUA SERVICOS LTDA;2026-04-01;01/04/2026 a 01/04/2028;CELEBRADO;;ADESAO;Oficial Administrativo/Tcnico de Suporte;37 - LOCACAO DE MAO-DE-OBRA;transparencia_excel_26.xls;2026-04-01;2028-04-01
SECRETARIA DE ESTADO DE DESENVOLVIMENTO ECONOMICO;SEDEC-PRO-2025/01047;03454/2025;048/2025;O objeto do presente instrumento e a aquisicao de cinco cancelas automaticas de alto fluxo com sistema de reconhecimento facial, bem como prestacao de servicos de instalacao, configuracao e treinamento, para atender as demandas de controle de acesso ao es;89299.4;61092565002265;NEO-TAGUS INDUSTRIAL LTDA;2026-04-01;15/06/2026 a 12/09/2026;CELEBRADO;;PREGAO ELETRONICO;OUTROS SERVIOS DE TERCEIROS - PESSOA JURDICA;39 - OUTROS SERVICOS DE TERCEIROS - PESSOA JURIDICA;transparencia_excel_26.xls;2026-06-15;2026-09-12
